,1,2,3,4,5,6,7,8,9,10,11,12,13,14,15,16,17,18,19,20,21,22,23,24,25,26,27,28,29,30,31,32,33,34,35,36,37,38,39,40,41,42,43,44,45,46,47,48,49,50,51,52,53,54,55,56,57,58,59,60,61,62,63,64,65,66,67,68,69
1,NA,NA,NA,NA,NA,NA,NA,NA,NA,NA,NA,NA,NA,NA,NA,NA,NA,NA,NA,NA,NA,NA,NA,NA,NA,NA,NA,NA,NA,NA,NA,NA,NA,NA,NA,NA,NA,NA,NA,NA,NA,NA,NA,NA,NA,NA,NA,NA,NA,NA,NA,NA,NA,NA,NA,NA,NA,NA,NA,NA,NA,NA,NA,NA,NA,NA,NA,NA,NA
2,0.7026,NA,NA,NA,NA,NA,NA,NA,NA,NA,NA,NA,NA,NA,NA,NA,NA,NA,NA,NA,NA,NA,NA,NA,NA,NA,NA,NA,NA,NA,NA,NA,NA,NA,NA,NA,NA,NA,NA,NA,NA,NA,NA,NA,NA,NA,NA,NA,NA,NA,NA,NA,NA,NA,NA,NA,NA,NA,NA,NA,NA,NA,NA,NA,NA,NA,NA,NA,NA
3,0.5776,-0.4102,NA,NA,NA,NA,NA,NA,NA,NA,NA,NA,NA,NA,NA,NA,NA,NA,NA,NA,NA,NA,NA,NA,NA,NA,NA,NA,NA,NA,NA,NA,NA,NA,NA,NA,NA,NA,NA,NA,NA,NA,NA,NA,NA,NA,NA,NA,NA,NA,NA,NA,NA,NA,NA,NA,NA,NA,NA,NA,NA,NA,NA,NA,NA,NA,NA,NA,NA
4,0.6798,-0.2966,-0.7226,NA,NA,NA,NA,NA,NA,NA,NA,NA,NA,NA,NA,NA,NA,NA,NA,NA,NA,NA,NA,NA,NA,NA,NA,NA,NA,NA,NA,NA,NA,NA,NA,NA,NA,NA,NA,NA,NA,NA,NA,NA,NA,NA,NA,NA,NA,NA,NA,NA,NA,NA,NA,NA,NA,NA,NA,NA,NA,NA,NA,NA,NA,NA,NA,NA,NA
5,0.561,-0.324,-0.75,-1,NA,NA,NA,NA,NA,NA,NA,NA,NA,NA,NA,NA,NA,NA,NA,NA,NA,NA,NA,NA,NA,NA,NA,NA,NA,NA,NA,NA,NA,NA,NA,NA,NA,NA,NA,NA,NA,NA,NA,NA,NA,NA,NA,NA,NA,NA,NA,NA,NA,NA,NA,NA,NA,NA,NA,NA,NA,NA,NA,NA,NA,NA,NA,NA,NA
6,0.7758,-0.8844,-0.5778,-0.9456,-1,NA,NA,NA,NA,NA,NA,NA,NA,NA,NA,NA,NA,NA,NA,NA,NA,NA,NA,NA,NA,NA,NA,NA,NA,NA,NA,NA,NA,NA,NA,NA,NA,NA,NA,NA,NA,NA,NA,NA,NA,NA,NA,NA,NA,NA,NA,NA,NA,NA,NA,NA,NA,NA,NA,NA,NA,NA,NA,NA,NA,NA,NA,NA,NA
7,0.0271999999999999,0.6972,0.0753999999999999,0.164,0.472,0.5962,NA,NA,NA,NA,NA,NA,NA,NA,NA,NA,NA,NA,NA,NA,NA,NA,NA,NA,NA,NA,NA,NA,NA,NA,NA,NA,NA,NA,NA,NA,NA,NA,NA,NA,NA,NA,NA,NA,NA,NA,NA,NA,NA,NA,NA,NA,NA,NA,NA,NA,NA,NA,NA,NA,NA,NA,NA,NA,NA,NA,NA,NA,NA
8,0.4504,-0.5734,-0.4288,-0.3192,0.2752,-0.0134,0.173,NA,NA,NA,NA,NA,NA,NA,NA,NA,NA,NA,NA,NA,NA,NA,NA,NA,NA,NA,NA,NA,NA,NA,NA,NA,NA,NA,NA,NA,NA,NA,NA,NA,NA,NA,NA,NA,NA,NA,NA,NA,NA,NA,NA,NA,NA,NA,NA,NA,NA,NA,NA,NA,NA,NA,NA,NA,NA,NA,NA,NA,NA
9,0.6226,-0.3292,-0.8536,-0.9696,-0.8748,-0.9366,0.0474000000000001,-0.4812,NA,NA,NA,NA,NA,NA,NA,NA,NA,NA,NA,NA,NA,NA,NA,NA,NA,NA,NA,NA,NA,NA,NA,NA,NA,NA,NA,NA,NA,NA,NA,NA,NA,NA,NA,NA,NA,NA,NA,NA,NA,NA,NA,NA,NA,NA,NA,NA,NA,NA,NA,NA,NA,NA,NA,NA,NA,NA,NA,NA,NA
10,0.8292,-0.2924,-0.7432,-0.8724,-0.958,-0.773,0.4587,0.277,-0.89,NA,NA,NA,NA,NA,NA,NA,NA,NA,NA,NA,NA,NA,NA,NA,NA,NA,NA,NA,NA,NA,NA,NA,NA,NA,NA,NA,NA,NA,NA,NA,NA,NA,NA,NA,NA,NA,NA,NA,NA,NA,NA,NA,NA,NA,NA,NA,NA,NA,NA,NA,NA,NA,NA,NA,NA,NA,NA,NA,NA
11,0.7436,-0.9984,-0.6402,-1,-1,-0.9314,0.5904,-0.5982,-0.8902,-0.694,NA,NA,NA,NA,NA,NA,NA,NA,NA,NA,NA,NA,NA,NA,NA,NA,NA,NA,NA,NA,NA,NA,NA,NA,NA,NA,NA,NA,NA,NA,NA,NA,NA,NA,NA,NA,NA,NA,NA,NA,NA,NA,NA,NA,NA,NA,NA,NA,NA,NA,NA,NA,NA,NA,NA,NA,NA,NA,NA
12,0.5112,-0.346,-0.8368,-1,-0.9264,-1,-0.3356,-0.5494,-1,-0.9318,-1,NA,NA,NA,NA,NA,NA,NA,NA,NA,NA,NA,NA,NA,NA,NA,NA,NA,NA,NA,NA,NA,NA,NA,NA,NA,NA,NA,NA,NA,NA,NA,NA,NA,NA,NA,NA,NA,NA,NA,NA,NA,NA,NA,NA,NA,NA,NA,NA,NA,NA,NA,NA,NA,NA,NA,NA,NA,NA
13,-0.481,0.3178,0.6746,0.7436,0.43,0.7534,-0.0244,0.5416,0.241,0.4698,0.6948,-1,NA,NA,NA,NA,NA,NA,NA,NA,NA,NA,NA,NA,NA,NA,NA,NA,NA,NA,NA,NA,NA,NA,NA,NA,NA,NA,NA,NA,NA,NA,NA,NA,NA,NA,NA,NA,NA,NA,NA,NA,NA,NA,NA,NA,NA,NA,NA,NA,NA,NA,NA,NA,NA,NA,NA,NA,NA
14,0.666,-0.1612,-0.5926,-0.605,-0.8814,-0.5162,0.1408,-0.314,-0.8154,-0.8792,-0.4126,-1,0.7594,NA,NA,NA,NA,NA,NA,NA,NA,NA,NA,NA,NA,NA,NA,NA,NA,NA,NA,NA,NA,NA,NA,NA,NA,NA,NA,NA,NA,NA,NA,NA,NA,NA,NA,NA,NA,NA,NA,NA,NA,NA,NA,NA,NA,NA,NA,NA,NA,NA,NA,NA,NA,NA,NA,NA,NA
15,0.694,-0.1422,-0.5946,-0.5842,-0.8866,-0.4752,0.1622,-0.2946,-0.8216,-0.8806,-0.3738,-1,0.7754,-1,NA,NA,NA,NA,NA,NA,NA,NA,NA,NA,NA,NA,NA,NA,NA,NA,NA,NA,NA,NA,NA,NA,NA,NA,NA,NA,NA,NA,NA,NA,NA,NA,NA,NA,NA,NA,NA,NA,NA,NA,NA,NA,NA,NA,NA,NA,NA,NA,NA,NA,NA,NA,NA,NA,NA
16,0.5788,-0.8356,-0.5908,-0.4218,-0.0586,-0.6768,0.788,-0.1626,0.0206,0.5775,-0.8584,-0.048,0.3646,-0.0628,0.0116000000000001,NA,NA,NA,NA,NA,NA,NA,NA,NA,NA,NA,NA,NA,NA,NA,NA,NA,NA,NA,NA,NA,NA,NA,NA,NA,NA,NA,NA,NA,NA,NA,NA,NA,NA,NA,NA,NA,NA,NA,NA,NA,NA,NA,NA,NA,NA,NA,NA,NA,NA,NA,NA,NA,NA
17,0.5656,-0.7864,-0.9418,-0.7974,-0.6742,-0.909,0.2428,-0.3916,-0.7728,-0.6976,-0.9778,-0.763,0.6656,-0.6246,-0.6068,-0.773,NA,NA,NA,NA,NA,NA,NA,NA,NA,NA,NA,NA,NA,NA,NA,NA,NA,NA,NA,NA,NA,NA,NA,NA,NA,NA,NA,NA,NA,NA,NA,NA,NA,NA,NA,NA,NA,NA,NA,NA,NA,NA,NA,NA,NA,NA,NA,NA,NA,NA,NA,NA,NA
18,0.8702,0.2048,-0.4068,-0.8086,-1,-1,0.4,-0.1124,-0.9488,-0.8074,-0.897,-1,0.8184,-0.4532,-0.4396,0.3058,-0.358,NA,NA,NA,NA,NA,NA,NA,NA,NA,NA,NA,NA,NA,NA,NA,NA,NA,NA,NA,NA,NA,NA,NA,NA,NA,NA,NA,NA,NA,NA,NA,NA,NA,NA,NA,NA,NA,NA,NA,NA,NA,NA,NA,NA,NA,NA,NA,NA,NA,NA,NA,NA
19,0.6144,-0.921,-0.4706,-0.7326,-1,-0.2932,0.3842,-0.2078,-0.9598,-0.8222,-0.5432,-1,0.5148,-0.6356,-0.6072,-0.514,-0.5936,-0.3556,NA,NA,NA,NA,NA,NA,NA,NA,NA,NA,NA,NA,NA,NA,NA,NA,NA,NA,NA,NA,NA,NA,NA,NA,NA,NA,NA,NA,NA,NA,NA,NA,NA,NA,NA,NA,NA,NA,NA,NA,NA,NA,NA,NA,NA,NA,NA,NA,NA,NA,NA
20,0.261,-0.5444,-1,-1,-0.8844,-1,-0.3828,-0.7184,-0.897,-0.8858,-1,-0.9382,-1,-1,-1,-0.312,-0.8596,-1,-1,NA,NA,NA,NA,NA,NA,NA,NA,NA,NA,NA,NA,NA,NA,NA,NA,NA,NA,NA,NA,NA,NA,NA,NA,NA,NA,NA,NA,NA,NA,NA,NA,NA,NA,NA,NA,NA,NA,NA,NA,NA,NA,NA,NA,NA,NA,NA,NA,NA,NA
21,0.64,-0.9272,-0.484,-0.3638,0.24,-0.0654,0.077,-0.9984,-0.501,0.2466,-0.834,-0.6694,0.7194,-0.2414,-0.2404,-0.333,-0.5398,-0.1498,-0.2506,-0.6408,NA,NA,NA,NA,NA,NA,NA,NA,NA,NA,NA,NA,NA,NA,NA,NA,NA,NA,NA,NA,NA,NA,NA,NA,NA,NA,NA,NA,NA,NA,NA,NA,NA,NA,NA,NA,NA,NA,NA,NA,NA,NA,NA,NA,NA,NA,NA,NA,NA
22,0.5116,-0.3478,-0.7796,-1,-0.9378,-1,0.4604,-0.5594,-0.9328,-0.9446,-1,-0.936,0.2926,-0.8368,-0.828,-0.0876,-0.732,-1,-1,-0.8792,-0.6846,NA,NA,NA,NA,NA,NA,NA,NA,NA,NA,NA,NA,NA,NA,NA,NA,NA,NA,NA,NA,NA,NA,NA,NA,NA,NA,NA,NA,NA,NA,NA,NA,NA,NA,NA,NA,NA,NA,NA,NA,NA,NA,NA,NA,NA,NA,NA,NA
23,0.584,0.2161,-0.8702,-0.9152,-0.9684,-0.8084,0.2631,0.143,-0.9174,-0.9506,-0.761,-0.9378,-0.1508,-0.921,-0.9148,0.3628,-0.8368,-0.8542,-0.8414,-0.93,0.1324,-0.9464,NA,NA,NA,NA,NA,NA,NA,NA,NA,NA,NA,NA,NA,NA,NA,NA,NA,NA,NA,NA,NA,NA,NA,NA,NA,NA,NA,NA,NA,NA,NA,NA,NA,NA,NA,NA,NA,NA,NA,NA,NA,NA,NA,NA,NA,NA,NA
24,0.8305,-0.3202,-0.747,-0.8466,-0.9588,-0.7436,0.4588,0.2791,-0.8786,-0.9986,-0.6652,-0.9248,0.4826,-0.8566,-0.8566,0.5825,-0.6748,-0.7906,-0.814,-0.8932,0.241,-0.9446,-0.9746,NA,NA,NA,NA,NA,NA,NA,NA,NA,NA,NA,NA,NA,NA,NA,NA,NA,NA,NA,NA,NA,NA,NA,NA,NA,NA,NA,NA,NA,NA,NA,NA,NA,NA,NA,NA,NA,NA,NA,NA,NA,NA,NA,NA,NA,NA
25,-0.0746,-1,-1,-1,-1,0.52,0.7924,-1,0.4278,-1,-1,-1,0.6936,0.8732,0.884,-0.4728,-1,-0.3464,0.3226,-1,-1,-1,-1,-1,NA,NA,NA,NA,NA,NA,NA,NA,NA,NA,NA,NA,NA,NA,NA,NA,NA,NA,NA,NA,NA,NA,NA,NA,NA,NA,NA,NA,NA,NA,NA,NA,NA,NA,NA,NA,NA,NA,NA,NA,NA,NA,NA,NA,NA
26,0.994,-0.9914,-0.1624,-0.735,-1,-0.1116,0.9076,-0.3284,-0.6344,-1,-0.7136,-1,0.9904,0.1374,0.167,-0.3398,-0.7664,0.0764,-0.722,-1,-1,-1,-1,-1,0.5822,NA,NA,NA,NA,NA,NA,NA,NA,NA,NA,NA,NA,NA,NA,NA,NA,NA,NA,NA,NA,NA,NA,NA,NA,NA,NA,NA,NA,NA,NA,NA,NA,NA,NA,NA,NA,NA,NA,NA,NA,NA,NA,NA,NA
27,0.7104,-0.9812,-0.5824,-0.6634,-0.6108,-0.9946,0.7156,-0.2892,-0.832,-0.6716,-1,-1,0.3384,-0.5286,-0.4786,-0.4416,-0.7914,-0.2622,-0.973,-1,-0.865,-1,-0.748,-0.595,-1,-1,NA,NA,NA,NA,NA,NA,NA,NA,NA,NA,NA,NA,NA,NA,NA,NA,NA,NA,NA,NA,NA,NA,NA,NA,NA,NA,NA,NA,NA,NA,NA,NA,NA,NA,NA,NA,NA,NA,NA,NA,NA,NA,NA
28,0.8278,-0.48,-0.5136,-0.9532,-1,-0.9882,0.6196,-0.0132,-0.9184,-0.7802,-0.992,-1,0.8644,-0.7402,-0.6712,-0.321,-0.7826,-0.9032,-0.9152,-1,-0.106,-1,-1,-0.7572,-0.543,-0.7686,-0.7984,NA,NA,NA,NA,NA,NA,NA,NA,NA,NA,NA,NA,NA,NA,NA,NA,NA,NA,NA,NA,NA,NA,NA,NA,NA,NA,NA,NA,NA,NA,NA,NA,NA,NA,NA,NA,NA,NA,NA,NA,NA,NA
29,0.9814,0.1508,-0.4564,-0.9144,-1,-0.984,0.84,0.2842,-0.8632,-1,-0.8058,-1,0.985,-0.2612,-0.2198,0.3166,-0.7622,-0.9796,-0.2428,-1,0.235,-1,-1,-1,0.6222,0.2606,-0.2632,-0.9438,NA,NA,NA,NA,NA,NA,NA,NA,NA,NA,NA,NA,NA,NA,NA,NA,NA,NA,NA,NA,NA,NA,NA,NA,NA,NA,NA,NA,NA,NA,NA,NA,NA,NA,NA,NA,NA,NA,NA,NA,NA
30,0.8816,-0.3446,-0.15,-0.1698,0.0396000000000001,-0.086,0.0651999999999999,-1,0.0926,0.5833,-0.7476,0.00099999999999989,0.896,0.2346,0.2742,-0.7614,-0.471,0.5,0.0584,-0.2714,-1,-0.00719999999999998,0.3501,0.5899,-0.8426,-0.717,-0.2402,0.2334,0.6972,NA,NA,NA,NA,NA,NA,NA,NA,NA,NA,NA,NA,NA,NA,NA,NA,NA,NA,NA,NA,NA,NA,NA,NA,NA,NA,NA,NA,NA,NA,NA,NA,NA,NA,NA,NA,NA,NA,NA,NA
31,0.6914,-0.6982,-0.8888,-0.9764,-0.8104,-0.9386,0.0802,-0.3122,-0.9252,-0.812,-1,-1,0.582,-0.5472,-0.5436,-0.5604,-0.8482,-0.6628,-0.6564,-0.7972,-0.5446,-0.9878,-0.892,-0.8092,-1,-1,-0.9836,-0.7618,-0.8712,-0.3786,NA,NA,NA,NA,NA,NA,NA,NA,NA,NA,NA,NA,NA,NA,NA,NA,NA,NA,NA,NA,NA,NA,NA,NA,NA,NA,NA,NA,NA,NA,NA,NA,NA,NA,NA,NA,NA,NA,NA
32,0.7504,-0.3558,-0.751,-0.9932,-0.968,-0.9612,0.2704,-0.2718,-0.9744,-0.863,-0.9838,-1,0.788,-0.6402,-0.6326,-0.2616,-0.7912,-0.7834,-0.8482,-1,-0.3572,-1,-1,-0.857,-1,-0.8408,-0.6058,-0.947,-1,0.075,-0.9516,NA,NA,NA,NA,NA,NA,NA,NA,NA,NA,NA,NA,NA,NA,NA,NA,NA,NA,NA,NA,NA,NA,NA,NA,NA,NA,NA,NA,NA,NA,NA,NA,NA,NA,NA,NA,NA,NA
33,0.8264,-0.3764,-0.7772,-0.7828,-0.9134,-0.6714,0.4601,0.2745,-0.873,-0.9476,-0.5432,-0.9382,0.3612,-0.777,-0.797,0.5838,-0.6914,-0.7028,-0.7372,-0.9016,0.2449,-0.9208,-0.959,-1,-1,-1,-0.4924,-0.6406,-1,0.581,-0.8028,-0.804,NA,NA,NA,NA,NA,NA,NA,NA,NA,NA,NA,NA,NA,NA,NA,NA,NA,NA,NA,NA,NA,NA,NA,NA,NA,NA,NA,NA,NA,NA,NA,NA,NA,NA,NA,NA,NA
34,0.6662,-0.281,-0.7602,-0.7862,-0.9144,-0.6518,0.6025,0.3828,-0.8676,-0.9502,-0.7762,-0.9158,0.4686,-0.9078,-0.8828,0.7356,-0.672,-0.6878,-0.7348,-0.853,0.3383,-0.9372,-0.9592,-0.9444,-1,-1,-0.5562,-0.8304,-1,0.7356,-0.8046,-0.7938,-0.9376,NA,NA,NA,NA,NA,NA,NA,NA,NA,NA,NA,NA,NA,NA,NA,NA,NA,NA,NA,NA,NA,NA,NA,NA,NA,NA,NA,NA,NA,NA,NA,NA,NA,NA,NA,NA
35,1,0.9548,0.5632,0.7572,0.7894,0.8802,0.4698,-1,0.8536,0.9245,0.8706,0.7474,0.9998,0.8902,0.8964,-0.3266,0.3692,0.943,0.8754,0.5848,-1,0.7606,0.7296,0.9264,0.9998,0.9918,0.9666,0.9508,0.992,0.2788,0.6674,0.8378,0.9235,0.9254,NA,NA,NA,NA,NA,NA,NA,NA,NA,NA,NA,NA,NA,NA,NA,NA,NA,NA,NA,NA,NA,NA,NA,NA,NA,NA,NA,NA,NA,NA,NA,NA,NA,NA,NA
36,0.9522,-0.6236,-0.3072,-0.449,-0.4828,-0.9396,0.8034,-0.3116,-0.8178,-0.7984,-0.887,-1,0.947,-0.0894,-0.0590000000000001,-0.7538,-0.8826,-0.3496,0.0276000000000001,-1,-0.5954,-1,-0.6524,-0.5392,0.572,-0.5836,-0.8036,-0.5312,-0.00539999999999996,-0.17,-1,-0.4164,-0.5292,-0.6814,0.964,NA,NA,NA,NA,NA,NA,NA,NA,NA,NA,NA,NA,NA,NA,NA,NA,NA,NA,NA,NA,NA,NA,NA,NA,NA,NA,NA,NA,NA,NA,NA,NA,NA,NA
37,0.606,-0.8194,-0.5926,-0.9448,-1,-0.9974,0.2944,-0.2482,-0.96,-0.837,-0.9992,-1,0.6952,-0.6656,-0.6322,-0.8124,-0.8398,-0.8974,-0.775,-1,-0.3482,-1,-1,-0.8104,-1,-0.2356,-0.9814,-0.979,-0.9322,-0.342,-0.9652,-0.9918,-0.7396,-0.7398,0.7986,-0.332,NA,NA,NA,NA,NA,NA,NA,NA,NA,NA,NA,NA,NA,NA,NA,NA,NA,NA,NA,NA,NA,NA,NA,NA,NA,NA,NA,NA,NA,NA,NA,NA,NA
38,0.9024,0.9994,0.8738,-1,-1,0.8494,0.5338,0.9914,0.8616,0.7542,0.9686,-1,1,0.9594,0.9686,0.9734,0.8502,0.9364,0.9108,-1,0.9966,-1,-1,0.7622,1,1,0.995,0.9234,0.999,1,-1,-1,0.8868,0.9286,1,0.9966,0.8534,NA,NA,NA,NA,NA,NA,NA,NA,NA,NA,NA,NA,NA,NA,NA,NA,NA,NA,NA,NA,NA,NA,NA,NA,NA,NA,NA,NA,NA,NA,NA,NA
39,1,-1,-1,-1,-1,0.5666,0.2374,0.4508,0.6608,-1,-1,-1,1,0.937,0.95,0.1478,-1,0.304,0.5338,-1,-1,-1,-1,-1,1,0.9242,-1,0.36,0.8898,0.5794,-1,-1,-1,-1,1,0.8732,-1,1,NA,NA,NA,NA,NA,NA,NA,NA,NA,NA,NA,NA,NA,NA,NA,NA,NA,NA,NA,NA,NA,NA,NA,NA,NA,NA,NA,NA,NA,NA,NA
40,0.9996,-1,-1,-1,-1,-0.326,0.9228,0.0354000000000001,-0.4438,-1,-0.9992,-1,0.9986,0.3242,0.3922,-0.1438,-1,-0.966,0.134,-1,-1,-1,-1,-1,0.9812,-0.6642,-0.9998,-1,-0.7446,-0.1106,-1,-1,-1,-1,0.9986,-0.7644,-1,1,0.7484,NA,NA,NA,NA,NA,NA,NA,NA,NA,NA,NA,NA,NA,NA,NA,NA,NA,NA,NA,NA,NA,NA,NA,NA,NA,NA,NA,NA,NA,NA
41,0.6688,-0.265,-0.7716,-1,-0.9388,-1,0.0526,-0.4666,-0.9486,-0.9382,-1,-1,0.49,-0.9304,-0.9296,0.0788,-0.6792,-1,-1,-0.9452,-0.4754,-0.9726,-0.959,-0.9314,-1,-1,-1,-1,-1,0.1492,-0.8558,-1,-0.8576,-0.8686,0.8802,-1,-1,-1,-1,-1,NA,NA,NA,NA,NA,NA,NA,NA,NA,NA,NA,NA,NA,NA,NA,NA,NA,NA,NA,NA,NA,NA,NA,NA,NA,NA,NA,NA,NA
42,0.5812,0.2162,-0.8638,-0.8456,-0.9356,-0.7096,0.2684,0.155,-0.9128,-0.9324,-0.6286,-0.9582,0.0404,-0.8444,-0.854,0.3593,-0.8388,-0.768,-0.7766,-0.9432,0.1321,-0.9422,-0.9596,-0.935,0.394,-0.3188,-0.664,-0.7488,-0.6464,0.3638,-0.8632,-0.8558,-0.9532,-0.9274,0.7204,-0.5812,-0.8134,0.59,0.5218,-0.1416,-0.9068,NA,NA,NA,NA,NA,NA,NA,NA,NA,NA,NA,NA,NA,NA,NA,NA,NA,NA,NA,NA,NA,NA,NA,NA,NA,NA,NA,NA
43,0.8228,-0.5134,-0.1744,-0.2338,-0.2832,0.0751999999999999,0.0855999999999999,-0.9678,-0.309,0.3861,-0.3552,-0.345,0.8906,-0.00180000000000002,0.00239999999999996,-0.8712,-0.5634,-0.032,0.1956,-0.4928,-0.9976,-0.3114,0.2162,0.3871,0.8686,-0.092,-0.5582,-0.2544,0.402,-0.7542,-0.7272,-0.1402,0.3966,0.5217,0.581,-0.85,-0.00119999999999998,0.9884,-0.3496,-0.3342,-0.2212,0.2105,NA,NA,NA,NA,NA,NA,NA,NA,NA,NA,NA,NA,NA,NA,NA,NA,NA,NA,NA,NA,NA,NA,NA,NA,NA,NA,NA
44,0.5538,-0.353,-0.5872,-0.9076,-0.8774,-0.5938,0.1674,-0.4046,-0.917,-0.866,-1,-1,0.361,-0.6014,-0.589,-0.0362,-0.4838,-0.6072,-0.6404,-0.7786,-0.4616,-1,-0.8942,-0.864,-1,-1,-0.5282,-0.6034,-0.3758,-0.302,-0.878,-0.8092,-0.7486,-0.7464,0.7954,-0.9208,-0.698,-1,-1,-1,-0.9368,-1,-0.6548,NA,NA,NA,NA,NA,NA,NA,NA,NA,NA,NA,NA,NA,NA,NA,NA,NA,NA,NA,NA,NA,NA,NA,NA,NA,NA
45,0.3612,-0.4746,-0.8246,-0.8744,-0.9244,-1,-0.119,-0.597,-0.988,-0.9256,-1,-1,0.3578,-0.8792,-0.8664,-0.3112,-0.7994,-0.8854,-1,-1,-0.586,-1,-0.9392,-0.9258,-1,-1,-0.8154,-1,-1,-0.1808,-0.8366,-0.8948,-0.8752,-0.8716,0.6402,-0.6928,-1,-1,-1,-1,-0.9914,-1,-0.399,-0.8904,NA,NA,NA,NA,NA,NA,NA,NA,NA,NA,NA,NA,NA,NA,NA,NA,NA,NA,NA,NA,NA,NA,NA,NA,NA
46,0.5773,0.2198,-0.854,-0.9082,-0.9664,-0.799,0.2684,0.1462,-0.9218,-0.9554,-0.7484,-0.9376,-0.1528,-0.9114,-0.9128,0.3615,-0.8298,-0.8418,-0.8206,-0.936,0.1265,-0.9512,-0.9556,-0.9616,-0.0976,-0.5868,-0.803,-0.8838,-0.7886,0.3529,-0.8904,-0.9222,-0.94,-0.948,0.7261,-0.6988,-0.8758,-0.0417999999999999,-0.0454,-0.446,-0.953,-0.9632,0.2145,-0.9384,-0.9554,NA,NA,NA,NA,NA,NA,NA,NA,NA,NA,NA,NA,NA,NA,NA,NA,NA,NA,NA,NA,NA,NA,NA,NA
47,0.7504,-0.98,-0.3124,-0.4106,-0.3918,0.0686,0.5132,-0.6158,-0.408,0.3297,-0.3878,-0.4426,0.8458,-0.1136,-0.117,-0.9372,-0.7536,0.205,-0.04,-0.5588,-0.9544,-0.4188,0.1872,0.3281,0.803,-0.5744,-0.9726,-0.2156,0.3878,-0.9418,-0.7736,-0.3476,0.335,0.4653,0.4312,-0.6172,-0.367,0.9826,-1,-0.4018,-0.336,0.1856,-0.9856,-0.7356,-0.486,0.1774,NA,NA,NA,NA,NA,NA,NA,NA,NA,NA,NA,NA,NA,NA,NA,NA,NA,NA,NA,NA,NA,NA,NA
48,0.6078,-0.2746,-0.761,-0.9864,-0.9692,-1,0.475,-0.5112,-0.9062,-0.9582,-1,-0.9256,0.474,-0.9046,-0.9026,0.0394000000000001,-0.7014,-0.9722,-1,-0.895,-0.6174,-0.9596,-0.981,-0.9638,-1,-1,-0.6308,-0.9616,-1,0.103,-0.8142,-0.9872,-0.9174,-0.9196,0.8086,-0.5332,-0.9832,-1,-1,-1,-0.9432,-1,-0.27,-0.987,-0.9962,-0.9808,-0.3546,NA,NA,NA,NA,NA,NA,NA,NA,NA,NA,NA,NA,NA,NA,NA,NA,NA,NA,NA,NA,NA,NA
49,0.5783,0.211,-0.8636,-0.8376,-0.9338,-0.724,0.2647,0.1479,-0.9054,-0.9416,-0.6266,-0.9522,0.0636000000000001,-0.8436,-0.8454,0.3538,-0.8366,-0.7704,-0.7788,-0.9472,0.1338,-0.9452,-0.9574,-0.9364,0.4,-0.3306,-0.6584,-0.7578,-0.6476,0.3537,-0.8632,-0.8448,-0.954,-0.9302,0.7264,-0.5548,-0.7922,0.5914,0.5302,-0.1618,-0.8942,-0.9636,0.2185,-0.8328,-0.9134,-0.9624,0.1835,-0.9394,NA,NA,NA,NA,NA,NA,NA,NA,NA,NA,NA,NA,NA,NA,NA,NA,NA,NA,NA,NA,NA
50,0.6954,-0.1196,-0.5036,-0.9434,-1,-0.7632,0.212,-0.4688,-0.8104,-0.8236,-1,-1,0.6618,-0.7956,-0.7694,0.2056,-0.3912,-0.7852,-0.8284,-1,-0.4188,-0.8926,-1,-0.8266,-1,-1,-0.5136,-0.8036,-0.5956,-0.0548,-0.6518,-0.8602,-0.7278,-0.7214,0.9048,-0.5606,-0.8652,-1,-1,-1,-0.997,-1,-0.4784,-0.9608,-0.8968,-0.8958,-0.4986,-0.9782,-1,NA,NA,NA,NA,NA,NA,NA,NA,NA,NA,NA,NA,NA,NA,NA,NA,NA,NA,NA,NA
51,0.6602,-0.1156,-0.429,-0.9462,-1,-0.6736,0.187,-0.4256,-0.7514,-0.8498,-1,-1,0.542,-0.7358,-0.7446,0.3274,-0.3414,-0.74,-0.6862,-0.8534,-0.452,-0.8058,-0.911,-0.846,-1,-1,-0.6678,-0.7246,-0.4752,-0.1508,-0.679,-0.7748,-0.7368,-0.7322,0.8894,-0.7618,-0.766,-1,-1,-0.989,-0.9544,-1,-0.5858,-0.9606,-0.8552,-0.9236,-0.497,-0.898,-1,-0.991,NA,NA,NA,NA,NA,NA,NA,NA,NA,NA,NA,NA,NA,NA,NA,NA,NA,NA,NA
52,1,-1,-1,-1,-1,0.7336,0.9738,0.9928,0.9294,-1,0.0653999999999999,-1,1,0.9516,0.9542,-1,-1,0.8704,0.439,-1,-1,-1,-1,-1,1,0.9904,-1,-1,0.9882,0.9992,-1,-1,-1,-1,1,0.9882,0.6484,1,1,0.9972,-1,-1,0.9288,-1,-1,-1,0.8942,-1,-1,-1,-1,NA,NA,NA,NA,NA,NA,NA,NA,NA,NA,NA,NA,NA,NA,NA,NA,NA,NA
53,0.757,-0.801,-0.6652,-0.7432,-1,-0.9986,0.6002,-0.0298,-0.937,-0.7764,-0.8922,-1,0.7604,-0.5704,-0.5204,-0.6958,-0.9466,-0.6424,-0.3838,-1,-0.0616,-1,-1,-0.7554,-0.5008,-0.29,-0.9938,-0.8602,-0.516,-0.1018,-0.9374,-0.812,-0.6564,-0.8402,0.879,-0.8892,-0.7298,0.8708,0.113,-0.8316,-1,-1,-0.222,-0.6026,-1,-1,-0.0526,-1,-1,-0.7206,-0.681,0.8834,NA,NA,NA,NA,NA,NA,NA,NA,NA,NA,NA,NA,NA,NA,NA,NA,NA
54,0.9288,-0.647,-0.2162,-0.6802,-1,-0.9446,0.8028,0.2346,-0.8876,-1,-0.8504,-1,0.9418,-0.4234,-0.378,0.1572,-0.3098,-0.6376,-0.882,-1,0.1858,-1,-1,-1,0.892,0.0902000000000001,-0.8596,-0.8784,-0.5862,0.6176,-0.3786,-0.7344,-1,-0.6234,0.9966,0.3662,-0.9646,0.9984,0.9782,-0.1246,-1,-1,0.4818,-0.3178,-0.9584,-1,-0.1506,-1,-1,-0.6298,-0.3842,0.898,-0.5808,NA,NA,NA,NA,NA,NA,NA,NA,NA,NA,NA,NA,NA,NA,NA,NA
55,0.5278,-0.84,-0.518,-0.3942,-0.6996,-0.976,0.3658,-0.171,-0.7834,-0.7734,-0.7392,-1,0.5194,-0.5766,-0.5388,-0.2582,-0.5582,-0.3172,-0.8778,-1,-0.0978,-0.7884,-0.8316,-0.7576,0.7276,-0.4432,-0.9408,-0.6534,-0.2198,0.1586,-0.4494,-0.4586,-0.9828,-0.795,0.8608,-0.615,-0.8458,0.971,0.8842,-0.1908,-0.7812,-1,0.00380000000000003,-0.3326,-0.7394,-0.8288,-0.6102,-0.7196,-1,-0.3762,-0.34,-1,-0.8166,-0.8468,NA,NA,NA,NA,NA,NA,NA,NA,NA,NA,NA,NA,NA,NA,NA
56,1,1,0.9392,0.986,0.9702,0.9952,-1,1,0.9952,0.97,0.9988,-1,1,0.997,0.9974,0.9998,0.9538,1,0.991,-1,0.9526,0.9662,0.7268,0.9632,1,1,1,0.9998,1,1,0.9974,0.9938,-1,0.9948,1,1,0.9786,1,1,1,0.9982,-1,0.9998,0.9996,0.9668,0.7404,0.9978,0.974,-1,1,1,1,0.993,1,0.985,NA,NA,NA,NA,NA,NA,NA,NA,NA,NA,NA,NA,NA,NA
57,1,-0.9996,-1,-1,-1,-1,0.9776,0.0902000000000001,-0.3944,-0.5488,-0.9876,-1,0.9994,0.4548,0.515,-0.6656,-1,-1,-1,-1,-0.386,-1,-1,-0.2358,0.6848,-0.9836,-0.9648,-1,-0.6384,-0.3112,-1,-1,-0.1118,-1,0.9958,-1,-0.9474,1,0.3078,-0.7906,-1,-1,0.4864,-1,-1,-1,0.4342,-1,-1,-0.7572,-0.6202,0.942,-1,-0.4048,-0.9474,1,NA,NA,NA,NA,NA,NA,NA,NA,NA,NA,NA,NA,NA
58,0.9996,0.1768,-0.034,-0.6352,-1,-0.8594,0.8704,-0.0322,-0.5414,-0.3198,-0.1966,-1,0.9996,0.237,0.266,-0.0546,-0.5314,-0.5034,0.2364,-1,-0.5982,-1,-1,-0.2572,0.9992,0.7386,-0.6368,-0.8224,-0.5298,0.1602,-1,-0.7986,-0.055,0.0104,1,0.6454,-0.9186,1,0.6546,0.8084,-1,-1,0.8078,-0.0802,-1,-1,0.44,-1,-1,-0.1676,-0.1304,1,0.0558000000000001,0.0691999999999999,-0.1478,1,-0.0274,NA,NA,NA,NA,NA,NA,NA,NA,NA,NA,NA,NA
59,0.5767,0.2124,-0.858,-0.841,-0.9272,-0.724,0.2613,0.1452,-0.8972,-0.937,-0.619,-0.94,0.0975999999999999,-0.8372,-0.8396,0.3648,-0.8424,-0.7618,-0.7842,-0.9334,0.1289,-0.932,-0.9604,-0.9362,0.4122,-0.3198,-0.6454,-0.7296,-0.6152,0.3538,-0.8528,-0.8372,-0.9342,-0.9126,0.731,-0.5438,-0.796,0.636,0.5692,-0.1426,-0.895,-0.9666,0.2095,-0.8292,-0.9052,-0.9602,0.1826,-0.9396,-0.9608,-0.8118,-0.812,0.6694,-0.711,-0.6496,-0.8116,0.7998,-0.0504,-0.2618,NA,NA,NA,NA,NA,NA,NA,NA,NA,NA,NA
60,0.9972,-0.997,-1,-1,-1,-0.6548,0.8972,-0.2314,-0.555,-1,-0.9986,-1,0.9934,0.2532,0.285,-0.5536,-0.7546,-0.984,-0.989,-1,-0.9294,-1,-1,-0.5388,0.4228,-0.9638,-1,-0.9734,-0.6474,-0.6216,-1,-0.9746,-0.5142,-1,0.9846,-1,-1,1,0.2538,-0.7714,-1,-1,-0.971,-1,-1,-1,-1,-1,-1,-0.9846,-0.9574,0.96,-0.9802,-0.1944,-0.8908,1,-0.4566,0.2096,-1,NA,NA,NA,NA,NA,NA,NA,NA,NA,NA
61,0.809,-0.9288,-0.421,-0.8608,-1,-0.4296,0.685,0.0788,-0.9206,-0.7312,-0.7358,-1,0.645,-0.5018,-0.4594,-0.607,-0.8482,-0.588,-1,-1,0.00819999999999999,-1,-1,-0.7228,0.5538,-0.764,-0.9932,-0.9788,-0.5552,0.0386,-0.9126,-1,-0.613,-0.8228,0.9378,-0.5346,-0.7464,0.9594,0.77,0.2498,-1,-1,0.2692,-0.5412,-1,-1,0.1886,-1,-1,-0.7262,-0.6246,0.6526,-0.7186,-0.7798,-0.7932,0.9974,-0.984,0.2446,-1,-0.9894,NA,NA,NA,NA,NA,NA,NA,NA,NA
62,0.3044,-0.589,-0.8276,-0.7164,-0.8488,-0.879,-0.1316,-0.5604,-0.8956,-0.8732,-0.8012,-1,0.1138,-0.9282,-0.9256,-0.3848,-0.83,-0.6544,-0.9136,-1,-0.4924,-0.8802,-0.9154,-0.882,-1,-1,-0.7938,-0.8556,-0.65,-0.2586,-0.7156,-0.7218,-1,-0.8934,0.6072,-0.8218,-0.912,0.7992,-1,-1,-0.8936,-1,-0.5062,-0.6476,-0.9222,-0.9092,-0.5884,-0.8538,-1,-0.769,-0.6616,-1,-0.866,-1,-1,0.9416,-0.5044,-0.4368,-1,-0.7982,-0.8394,NA,NA,NA,NA,NA,NA,NA,NA
63,0.9998,0.4994,0.427,0.6232,0.6134,-0.0572,0.8636,0.642,0.6978,0.5954,0.1164,0.4908,0.9998,0.7792,0.8152,-1,-0.2362,0.737,0.6386,-0.146,-1,0.57,0.2052,0.5556,0.8918,0.794,0.1864,0.8776,0.9564,0.9542,0.4262,0.6964,0.4284,0.6494,1,0.1876,0.5862,1,1,0.9378,0.7678,-1,0.1016,0.6548,0.461,0.2228,0.2058,0.6312,-1,0.8228,0.774,0.9584,-0.1022,0.9484,0.5912,1,0.2498,0.9974,-1,0.6032,0.3602,0.2816,NA,NA,NA,NA,NA,NA,NA
64,0.8168,-0.1216,-0.473,-0.905,-1,-0.9942,0.5094,-0.1238,-1,-0.8092,-0.9634,-1,0.8694,-0.6762,-0.6376,-0.2884,-0.6104,-0.9538,-0.7828,-1,-0.159,-1,-1,-0.7966,0.3144,-0.0866,-0.6442,-0.9734,-0.9168,0.3174,-0.6738,-0.8466,-0.7108,-0.7008,0.9338,-0.0452,-0.9916,0.9684,0.7124,-0.7538,-1,-1,0.0808,-0.6268,-1,-1,-0.0306,-1,-1,-0.8332,-0.735,0.8878,-0.5658,-0.929,-0.5462,0.9996,-0.7002,-0.8378,-1,-0.846,-0.674,-0.8984,0.8722,NA,NA,NA,NA,NA,NA
65,0.8718,0.1024,-0.4052,-0.7548,-1,-0.6384,0.3898,-0.1818,-0.8318,-0.8262,-0.2612,-1,0.917,-0.525,-0.501,0.3534,-0.3616,-0.8534,-0.257,-1,-0.2112,-0.8658,-1,-0.804,0.7816,0.4626,-0.147,-0.7826,-0.8732,0.4982,-0.5344,-0.763,-0.735,-0.733,0.9786,0.263,-0.7886,0.9618,0.1422,0.5128,-0.9988,-1,0.358,-0.5192,-0.825,-1,0.2334,-0.9834,-1,-0.8514,-0.7236,0.9044,-0.138,-0.6334,-0.3366,1,0.6136,-0.9956,-1,0.4814,-0.0222,-0.7346,0.9292,-0.9048,NA,NA,NA,NA,NA
66,-0.0296,-0.6492,-0.8226,-0.778,-0.8998,-1,-0.374,-0.6872,-0.934,-0.917,-1,-1,-0.0292,-0.9542,-0.8976,-0.6544,-0.8738,-0.7192,-1,-1,-0.6478,-0.9338,-0.9406,-0.9038,-1,-1,-1,-1,-0.5928,-0.4434,-0.8064,-0.8034,-0.9208,-0.9106,0.2688,-1,-1,-1,-1,-1,-0.951,-1,-0.5816,-0.7542,-0.931,-0.9368,-0.634,-0.9022,-1,-0.8188,-0.7736,-1,-1,-1,-0.931,0.7548,-1,-1,-1,-1,-1,-0.9808,0.0682,-1,-0.7218,NA,NA,NA,NA
67,0.9008,-0.2146,-1,-1,-1,0.5094,0.913,-1,0.7288,-1,-0.7356,-1,0.9682,0.9622,0.9642,0.3994,-1,0.1058,-0.227,-1,-1,-1,-1,-1,0.9996,0.964,-1,0.397,0.91,-0.3732,-1,0.5054,-1,-1,1,-0.163,-1,1,1,0.9952,-1,-1,0.7638,-1,-1,-1,0.8086,-1,-1,-1,-1,1,0.2332,0.9918,0.6332,1,0.8552,1,-1,0.6318,0.1222,-1,0.997,0.6758,0.7528,-1,NA,NA,NA
68,0.8818,-0.882,-0.3184,-0.8326,-1,-0.991,0.6368,-0.3602,-0.8894,-0.693,-0.9746,-1,0.9112,-0.4392,-0.388,-0.67,-0.6318,-0.9286,-0.7604,-1,-0.7366,-1,-1,-0.668,-0.4826,-0.1572,-1,-0.9964,-0.95,0.0633999999999999,-1,-0.901,-0.548,-0.6684,0.9766,-0.13,-0.9952,0.9938,0.3286,-0.9984,-1,-1,0.1984,-0.6698,-1,-1,-0.3714,-1,-1,-0.787,-0.7716,0.9722,-0.6996,-0.9412,-0.8128,0.9998,-0.9534,-0.7352,-1,-0.984,-0.7922,-0.809,0.8558,-0.9806,-0.8244,-1,0.5996,NA,NA
69,0.8128,-0.1766,-0.6876,-0.7298,-0.8852,-0.563,-0.0252,-0.3452,-0.8734,-0.9218,-0.4226,-0.9662,0.6542,-0.7478,-0.7312,0.315,-0.6034,-0.6234,-0.674,-0.8606,-0.4752,-0.9278,-0.9372,-0.9308,-1,-1,-0.3708,-0.5522,-1,0.3726,-0.7638,-0.7392,-1,-0.9298,0.9352,-0.3092,-0.6864,0.961,0.0838000000000001,-0.0664,-0.8706,-1,-0.0198,-0.7142,-0.8442,-0.9368,-0.1636,-0.8866,-1,-0.6576,-0.6804,-1,-0.563,-0.589,-0.75,0.9942,0.23,0.1328,-1,0.0156000000000001,-0.5132,-0.8678,0.5194,-0.6462,-0.6696,-0.8948,-1,-0.4498,NA
