"DepthID","SampleID__","SampleID_old__","Month__","Year__","Date__","Site__","Core__","DepthAvg__","ALD.cm__","WTD.cm_neg_is_below_sfc__","T_air.deg_C","T_soil.deg_C","n_WTD_21d","pct_time_below_WTD_21d","n_WTD_28d","pct_time_below_WTD_28d","n_WTD_july","pct_time_below_WTD_july","n_WTD_growing","pct_time_below_WTD_growing","n_WTD_all_growing","pct_time_below_WTD_all_growing"
"19d13f8d-574b-439c-94de-4318f5c85a81","MainAutochamber.201107_E_1_1to4","201107_E1_01-04",7,2011,"2011-07-12","Eriophorum Autochamber Site",1,2.5,"Below Detection (>90)","20.0",10.9,NA,11,1,15,1,18,1,20,1,61,1
"fe1cd940-7edd-4ee4-ba2c-78c8bef2369c","MainAutochamber.201107_E_1_5to8","201107_E1_05-08",7,2011,"2011-07-12","Eriophorum Autochamber Site",1,6.5,"Below Detection (>90)","20.0",10.9,NA,11,1,15,1,18,1,20,1,61,1
"8aaea16f-c40c-4e71-a409-546de49ed489","MainAutochamber.201107_E_1_21to24","201107_E1_21-24",7,2011,"2011-07-12","Eriophorum Autochamber Site",1,22.5,"Below Detection (>90)","20.0",10.9,NA,11,1,15,1,18,1,20,1,61,1
"7d5821a1-5fff-4306-a2c4-359f5082c06a","MainAutochamber.201107_E_2_1to4","201107_E2_01-04",7,2011,"2011-07-12","Eriophorum Autochamber Site",2,2.5,"Below Detection (>90)","7.0",11.6,NA,11,1,15,1,18,1,20,1,61,1
"e1d85bcc-badf-4399-a16b-6ceec50fda13","MainAutochamber.201107_E_2_5to8","201107_E2_05-08",7,2011,"2011-07-12","Eriophorum Autochamber Site",2,6.5,"Below Detection (>90)","7.0",11.6,NA,11,1,15,1,18,1,20,1,61,1
"0f9c738e-3ad2-461f-ae1b-6a03ecf14e1a","MainAutochamber.201107_E_2_24to27","201107_E2_24-27",7,2011,"2011-07-12","Eriophorum Autochamber Site",2,25.5,"Below Detection (>90)","7.0",11.6,NA,11,1,15,1,18,1,20,1,61,1
"f8cb8217-c10f-405e-9dec-4ebac33ce55c","MainAutochamber.201107_E_3_1to4","201107_E3_01-04",7,2011,"2011-07-12","Eriophorum Autochamber Site",3,2.5,"Below Detection (>90)","16.0",11,NA,11,1,15,1,18,1,20,1,61,1
"63de5498-00f8-4969-bbcd-594a4e855497","MainAutochamber.201107_E_3_5to8","201107_E3_05-08",7,2011,"2011-07-12","Eriophorum Autochamber Site",3,6.5,"Below Detection (>90)","16.0",11,NA,11,1,15,1,18,1,20,1,61,1
"f7c54f1f-2f86-47d6-9023-59c1d9ceb19f","MainAutochamber.201107_E_3_21to24","201107_E3_21-24",7,2011,"2011-07-12","Eriophorum Autochamber Site",3,22.5,"Below Detection (>90)","16.0",11,NA,11,1,15,1,18,1,20,1,61,1
"df1a6250-0adb-4554-b1e8-5b9a44e2ec5d","MainAutochamber.201107_P_1_1to4","201107_P1_01-04",7,2011,"2011-07-12","Palsa Autochamber Site",1,2.5,"36.5","Not Detected",11.6,NA,0,0,0,0,0,0,0,0,0,0
"56003e89-b8f4-4bbf-a5ab-5bb4015f3f07","MainAutochamber.201107_P_1_16to19","201107_P1_16-19",7,2011,"2011-07-12","Palsa Autochamber Site",1,17.5,"36.5","Not Detected",11.6,NA,0,0,0,0,0,0,0,0,0,0
"8e4de9b9-7e16-46b5-a150-a3f115b6840e","MainAutochamber.201107_P_1_30to33","201107_P1_30-33",7,2011,"2011-07-12","Palsa Autochamber Site",1,31.5,"36.5","Not Detected",11.6,NA,0,0,0,0,0,0,0,0,0,0
"1fce3d08-7409-4b21-95ed-dece5cbb1792","MainAutochamber.201107_P_2_1to4","201107_P2_01-04",7,2011,"2011-07-12","Palsa Autochamber Site",2,2.5,"36.0","Not Detected",11.6,NA,0,0,0,0,0,0,0,0,0,0
"1df291ec-7547-409b-90a4-31b8de09e1b2","MainAutochamber.201107_P_2_16to19","201107_P2_16-19",7,2011,"2011-07-12","Palsa Autochamber Site",2,17.5,"36.0","Not Detected",11.6,NA,0,0,0,0,0,0,0,0,0,0
"d7d9155c-75d6-4d8a-9c10-238bbb5011f0","MainAutochamber.201107_P_2_30to33","201107_P2_30-33",7,2011,"2011-07-12","Palsa Autochamber Site",2,31.5,"36.0","Not Detected",11.6,NA,0,0,0,0,0,0,0,0,0,0
"17c97ffd-3e03-40f3-a452-188130811206","MainAutochamber.201107_P_3_1to4","201107_P3_01-04",7,2011,"2011-07-12","Palsa Autochamber Site",3,2.5,"40.0","Not Detected",11.8,NA,0,0,0,0,0,0,0,0,0,0
"2e914bcb-73ba-4f1e-ab7f-bacd27ffd4d6","MainAutochamber.201107_P_3_19to21","201107_P3_19-21",7,2011,"2011-07-12","Palsa Autochamber Site",3,20,"40.0","Not Detected",11.8,NA,0,0,0,0,0,0,0,0,0,0
"f27c4e66-651f-4777-bc81-a3cf669a5653","MainAutochamber.201107_P_3_34to37","201107_P3_34-37",7,2011,"2011-07-12","Palsa Autochamber Site",3,35.5,"40.0","Not Detected",11.8,NA,0,0,0,0,0,0,0,0,0,0
"b97cdc94-8ed1-4189-bda4-c75dc14a19e8","MainAutochamber.201107_S_1_1to4","201107_S1_01-04",7,2011,"2011-07-12","Sphagnum Autochamber Site",1,2.5,"Below Detection (>90)","-12.0",10.8,NA,11,0.181818181818182,15,0.133333333333333,18,0,20,0.1,61,0.0491803278688525
"6ec59a5f-d22a-4c5f-8c24-f9ffaa3721d8","MainAutochamber.201107_S_1_11to14","201107_S1_11-14",7,2011,"2011-07-12","Sphagnum Autochamber Site",1,12.5,"Below Detection (>90)","-12.0",10.8,NA,11,1,15,0.8,18,0.944444444444444,20,0.85,61,0.704918032786885
"11ca2097-1bdf-44fa-aae2-24a28dec1ce9","MainAutochamber.201107_S_1_17to20","201107_S1_17-20",7,2011,"2011-07-12","Sphagnum Autochamber Site",1,18.5,"Below Detection (>90)","-12.0",10.8,NA,11,1,15,1,18,1,20,1,61,0.983606557377049
"9cb75c3b-32d7-4b93-971a-579db68684d7","MainAutochamber.201107_S_2_13to16","201107_S2_13-16",7,2011,"2011-07-12","Sphagnum Autochamber Site",2,14.5,"Below Detection (>90)","-14.0",11.1,NA,11,1,15,0.933333333333333,18,0.944444444444444,20,0.95,61,0.80327868852459
"9f2486bb-9caf-43bb-936f-4327a6a5fc95","MainAutochamber.201107_S_2_19to21","201107_S2_19-21",7,2011,"2011-07-12","Sphagnum Autochamber Site",2,20,"Below Detection (>90)","-14.0",11.1,NA,11,1,15,1,18,1,20,1,61,1
"55351696-80a9-408a-9309-a014d19e337b","MainAutochamber.201107_S_3_11to14","201107_S3_11-14",7,2011,"2011-07-12","Sphagnum Autochamber Site",3,12.5,"Below Detection (>90)","-12.0",11.1,NA,11,1,15,0.8,18,0.944444444444444,20,0.85,61,0.704918032786885
"babf95e6-0c15-42d8-b2ed-b0f47b2dec71","MainAutochamber.201207_E_1_1to4","201207_E1_01-04",7,2012,"2012-07-20","Eriophorum Autochamber Site",1,2.5,"Below Detection (>265)","15.0",12.8,"12.4",13,0.923076923076923,16,0.9375,17,0.941176470588235,29,0.931034482758621,39,0.948717948717949
"d783f71e-cdb6-4424-a083-1b6b843eeeea","MainAutochamber.201207_E_1_5to8","201207_E1_05-08",7,2012,"2012-07-20","Eriophorum Autochamber Site",1,6.5,"Below Detection (>265)","15.0",12.8,"12.0",13,0.923076923076923,16,0.9375,17,0.941176470588235,29,0.931034482758621,39,0.948717948717949
"308f22b8-8488-4bfd-ba11-2245a1b94f18","MainAutochamber.201207_E_1_24to27","201207_E1_24-27",7,2012,"2012-07-20","Eriophorum Autochamber Site",1,25.5,"Below Detection (>265)","15.0",12.8,"12.3",13,1,16,1,17,1,29,1,39,1
"86d56b77-9fc5-4a74-96fb-788ad4b2b274","MainAutochamber.201207_E_1_47to50","201207_E1_47-50",7,2012,"2012-07-20","Eriophorum Autochamber Site",1,48.5,"Below Detection (>265)","15.0",12.8,"11.3",13,1,16,1,17,1,29,1,39,1
"267a53e9-d7ed-41cb-9653-1beeed27c5e3","MainAutochamber.201207_E_2_1to4","201207_E2_01-04",7,2012,"2012-07-20","Eriophorum Autochamber Site",2,2.5,"Below Detection (>235)","5.0",13.1,"12.0",13,0.923076923076923,16,0.9375,17,0.941176470588235,29,0.931034482758621,39,0.948717948717949
"43dec11d-6d5e-4480-9bbb-5c5b18037e10","MainAutochamber.201207_E_2_5to8","201207_E2_05-08",7,2012,"2012-07-20","Eriophorum Autochamber Site",2,6.5,"Below Detection (>235)","5.0",13.1,"10.5",13,0.923076923076923,16,0.9375,17,0.941176470588235,29,0.931034482758621,39,0.948717948717949
"3d93af4f-8772-4e2b-853f-ab8177275310","MainAutochamber.201207_E_2_24to27","201207_E2_24-27",7,2012,"2012-07-20","Eriophorum Autochamber Site",2,25.5,"Below Detection (>235)","5.0",13.1,"9.3",13,1,16,1,17,1,29,1,39,1
"9d4aad66-e271-454a-bb2f-901d96b8bc26","MainAutochamber.201207_E_2_47to50","201207_E2_47-50",7,2012,"2012-07-20","Eriophorum Autochamber Site",2,48.5,"Below Detection (>235)","5.0",13.1,"7.3",13,1,16,1,17,1,29,1,39,1
"99fa71a2-e3e4-4eea-a478-f63d5bab6552","MainAutochamber.201207_E_3_1to4","201207_E3_01-04",7,2012,"2012-07-20","Eriophorum Autochamber Site",3,2.5,"Below Detection (>235)","4.0",11.6,"12.7",13,0.923076923076923,16,0.9375,17,0.941176470588235,29,0.931034482758621,39,0.948717948717949
"556a4639-5bdb-4d70-91cc-3067835789b4","MainAutochamber.201207_E_3_5to8","201207_E3_05-08",7,2012,"2012-07-20","Eriophorum Autochamber Site",3,6.5,"Below Detection (>235)","4.0",11.6,"12.7",13,0.923076923076923,16,0.9375,17,0.941176470588235,29,0.931034482758621,39,0.948717948717949
"8df5ce3b-c597-40c2-aa2c-9c9f232b1fbe","MainAutochamber.201207_E_3_24to27","201207_E3_24-27",7,2012,"2012-07-20","Eriophorum Autochamber Site",3,25.5,"Below Detection (>235)","4.0",11.6,"12.2",13,1,16,1,17,1,29,1,39,1
"3734a20c-6a01-451c-9f89-f5c9e6dce6a0","MainAutochamber.201207_E_3_44to47","201207_E3_44-47",7,2012,"2012-07-20","Eriophorum Autochamber Site",3,45.5,"Below Detection (>235)","4.0",11.6,"10.4",13,1,16,1,17,1,29,1,39,1
"d7ca52c3-2e8f-44eb-97b2-6f7de2dae941","MainAutochamber.201207_P_1_1to4","201207_P1_01-04",7,2012,"2012-07-20","Palsa Autochamber Site",1,2.5,"37.0","Not Detected",12.4,"8.3",0,0,0,0,0,0,0,0,0,0
"96eb386b-500a-4fc2-896c-4873caa7f78c","MainAutochamber.201207_P_1_16to19","201207_P1_16-19",7,2012,"2012-07-20","Palsa Autochamber Site",1,17.5,"37.0","Not Detected",12.4,"5.8",0,0,0,0,0,0,0,0,0,0
"e82a814e-6229-478b-b037-32419cbb23dc","MainAutochamber.201207_P_1_32to35","201207_P1_32-35",7,2012,"2012-07-20","Palsa Autochamber Site",1,33.5,"37.0","Not Detected",12.4,"1.1",0,0,0,0,0,0,0,0,0,0
"cfdc2377-e2d2-4ca5-868c-a217eed5c022","MainAutochamber.201207_P_2_1to4","201207_P2_01-04",7,2012,"2012-07-20","Palsa Autochamber Site",2,2.5,"40.0","Not Detected",12.4,"10.9",0,0,0,0,0,0,0,0,0,0
"95896dc9-fc3f-4557-996a-26d402ac3709","MainAutochamber.201207_P_2_18to21","201207_P2_18-21",7,2012,"2012-07-20","Palsa Autochamber Site",2,19.5,"40.0","Not Detected",12.4,"6.4",0,0,0,0,0,0,0,0,0,0
"f22f8236-5613-4206-81f6-febb2632ccea","MainAutochamber.201207_P_2_35to38","201207_P2_35-38",7,2012,"2012-07-20","Palsa Autochamber Site",2,36.5,"40.0","Not Detected",12.4,"1.2",0,0,0,0,0,0,0,0,0,0
"0236e0cf-e3d1-4129-9fa2-1b8d36407245","MainAutochamber.201207_P_3_1to4","201207_P3_01-04",7,2012,"2012-07-20","Palsa Autochamber Site",3,2.5,"33.0","Not Detected",12.8,"8.9",0,0,0,0,0,0,0,0,0,0
"6d8e280a-9ac0-4e1e-b54d-40811241754c","MainAutochamber.201207_P_3_15to18","201207_P3_15-18",7,2012,"2012-07-20","Palsa Autochamber Site",3,16.5,"33.0","Not Detected",12.8,"6.1",0,0,0,0,0,0,0,0,0,0
"1b65fa38-761d-45e8-a7af-ab3ef0f67cf8","MainAutochamber.201207_P_3_30to33","201207_P3_30-33",7,2012,"2012-07-20","Palsa Autochamber Site",3,31.5,"33.0","Not Detected",12.8,"0.8",0,0,0,0,0,0,0,0,0,0
"df9b4f27-fdbe-4ae9-afc9-be37c7942018","MainAutochamber.201207_S_1_1to4","201207_S1_01-04",7,2012,"2012-07-20","Sphagnum Autochamber Site",1,2.5,"135.0","0.0",12.6,"10.7",13,0.307692307692308,16,0.25,17,0.352941176470588,30,0.333333333333333,40,0.4
"8d718615-0fa9-4cd2-9787-3f06de33d32c","MainAutochamber.201207_S_1_5to8","201207_S1_05-08",7,2012,"2012-07-20","Sphagnum Autochamber Site",1,6.5,"135.0","0.0",12.6,"9.5",13,0.461538461538462,16,0.5625,17,0.647058823529412,30,0.766666666666667,40,0.825
"5f69e160-100b-40b3-802e-da4ef3c76020","MainAutochamber.201207_S_1_11to14","201207_S1_11-14",7,2012,"2012-07-20","Sphagnum Autochamber Site",1,12.5,"135.0","0.0",12.6,"9.3",13,1,16,1,17,1,30,1,40,1
"3a29f894-8c80-4d63-833e-fa54d449308e","MainAutochamber.201207_S_1_30to33","201207_S1_30-33",7,2012,"2012-07-20","Sphagnum Autochamber Site",1,31.5,"135.0","0.0",12.6,"4.3",13,1,16,1,17,1,30,1,40,1
"1317e01e-8051-41ac-a5c3-dd566da81908","MainAutochamber.201207_S_2_1to4","201207_S2_01-04",7,2012,"2012-07-20","Sphagnum Autochamber Site",2,2.5,"45.0","3.0",11.8,"11.1",13,0.307692307692308,16,0.25,17,0.352941176470588,30,0.333333333333333,40,0.4
"042e7a06-a8b0-40c3-802c-55454ab818a8","MainAutochamber.201207_S_2_5to8","201207_S2_05-08",7,2012,"2012-07-20","Sphagnum Autochamber Site",2,6.5,"45.0","3.0",11.8,"9.8",13,0.461538461538462,16,0.5625,17,0.647058823529412,30,0.766666666666667,40,0.825
"4b7e94c6-0f43-416b-be5c-dbf963aa183a","MainAutochamber.201207_S_2_11to14","201207_S2_11-14",7,2012,"2012-07-20","Sphagnum Autochamber Site",2,12.5,"45.0","3.0",11.8,"8.1",13,1,16,1,17,1,30,1,40,1
"5f33ac37-0291-4f93-90e4-86ebe895d351","MainAutochamber.201207_S_2_30to33","201207_S2_30-33",7,2012,"2012-07-20","Sphagnum Autochamber Site",2,31.5,"45.0","3.0",11.8,"3.9",13,1,16,1,17,1,30,1,40,1
"a8797759-ddc0-4e63-ac57-cf8752dad167","MainAutochamber.201207_S_3_1to4","201207_S3_01-04",7,2012,"2012-07-20","Sphagnum Autochamber Site",3,2.5,"Below Detection (>160)","0.0",11.6,"11.8",13,0.307692307692308,16,0.25,17,0.352941176470588,30,0.333333333333333,40,0.4
"ef9d6dba-13d2-4b91-a5e4-2c46fff13ee0","MainAutochamber.201207_S_3_11to14","201207_S3_11-14",7,2012,"2012-07-20","Sphagnum Autochamber Site",3,12.5,"Below Detection (>160)","0.0",11.6,"9.1",13,1,16,1,17,1,30,1,40,1
"0c4cbc52-1dc8-4bbb-812d-a255943eeef4","MainAutochamber.201207_S_3_30to33","201207_S3_30-33",7,2012,"2012-07-20","Sphagnum Autochamber Site",3,31.5,"Below Detection (>160)","0.0",11.6,"6.7",13,1,16,1,17,1,30,1,40,1
"40c68bbb-f0c5-4093-8e45-6c1b6b358fc7","MainAutochamber.201307_E_1_1to5","201307_E1_01-05",7,2013,"2013-07-24","Eriophorum Autochamber Site",1,3,"Not Measured","0.0",NA,"11.6",13,1,17,1,19,1,30,1,60,1
"57a4f8c1-d6c0-44b9-a8ef-0586ece7973e","MainAutochamber.201307_E_1_5to9","201307_E1_05-09",7,2013,"2013-07-24","Eriophorum Autochamber Site",1,7,"Not Measured","0.0",NA,"11.2",13,1,17,1,19,1,30,1,60,1
"54e9c047-47ab-4a50-b9f4-314b3d9ebaac","MainAutochamber.201307_E_1_10to14","201307_E1_10-14",7,2013,"2013-07-24","Eriophorum Autochamber Site",1,12,"Not Measured","0.0",NA,"10.2",13,1,17,1,19,1,30,1,60,1
"a777f971-10de-4565-ae9f-53211e76d1d3","MainAutochamber.201307_E_1_20to24","201307_E1_20-24",7,2013,"2013-07-24","Eriophorum Autochamber Site",1,22,"Not Measured","0.0",NA,"8",13,1,17,1,19,1,30,1,60,1
"df3259c1-d5be-457a-b6d4-e066289ac6fe","MainAutochamber.201307_E_1_30to34","201307_E1_30-34",7,2013,"2013-07-24","Eriophorum Autochamber Site",1,32,"Not Measured","0.0",NA,"7.4",13,1,17,1,19,1,30,1,60,1
"c761674d-a491-4b0a-95a1-acf82e8fb02d","MainAutochamber.201307_E_1_40to44","201307_E1_40-44",7,2013,"2013-07-24","Eriophorum Autochamber Site",1,42,"Not Measured","0.0",NA,"6.8",13,1,17,1,19,1,30,1,60,1
"64d2e7e6-e949-46e8-85e2-be795110829a","MainAutochamber.201307_E_2_1to5","201307_E2_01-05",7,2013,"2013-07-24","Eriophorum Autochamber Site",2,3,"Not Measured","Not Measured",NA,NA,13,1,17,1,19,1,30,1,60,1
"dc901d63-9bb5-4847-a097-ac10806602fd","MainAutochamber.201307_E_2_5to9","201307_E2_05-09",7,2013,"2013-07-24","Eriophorum Autochamber Site",2,7,"Not Measured","Not Measured",NA,NA,13,1,17,1,19,1,30,1,60,1
"ceca8275-e9ee-4c53-b0ec-0bd5dcb800fc","MainAutochamber.201307_E_2_10to14","201307_E2_10-14",7,2013,"2013-07-24","Eriophorum Autochamber Site",2,12,"Not Measured","Not Measured",NA,NA,13,1,17,1,19,1,30,1,60,1
"9d8d8750-ccf3-4535-890d-47dcf9e5b0af","MainAutochamber.201307_E_2_20to24","201307_E2_20-24",7,2013,"2013-07-24","Eriophorum Autochamber Site",2,22,"Not Measured","Not Measured",NA,NA,13,1,17,1,19,1,30,1,60,1
"e5bd3bf0-7070-4d53-b79f-0fc178a922d2","MainAutochamber.201307_E_2_30to34","201307_E2_30-34",7,2013,"2013-07-24","Eriophorum Autochamber Site",2,32,"Not Measured","Not Measured",NA,NA,13,1,17,1,19,1,30,1,60,1
"c586187f-5891-4412-a2e8-30180fbdfb89","MainAutochamber.201307_E_2_40to44","201307_E2_40-44",7,2013,"2013-07-24","Eriophorum Autochamber Site",2,42,"Not Measured","Not Measured",NA,NA,13,1,17,1,19,1,30,1,60,1
"4c76484d-687b-40fd-8b65-1206b613bba2","MainAutochamber.201307_E_3_1to5","201307_E3_01-05",7,2013,"2013-07-24","Eriophorum Autochamber Site",3,3,"Not Measured","-2.0",NA,"15.8",13,1,17,1,19,1,30,1,60,1
"73e9d7b5-bf2d-4719-9cdb-114acfc63db4","MainAutochamber.201307_E_3_5to9","201307_E3_05-09",7,2013,"2013-07-24","Eriophorum Autochamber Site",3,7,"Not Measured","-2.0",NA,"13.8",13,1,17,1,19,1,30,1,60,1
"66792575-97b3-443f-b439-f916d040b46d","MainAutochamber.201307_E_3_10to14","201307_E3_10-14",7,2013,"2013-07-24","Eriophorum Autochamber Site",3,12,"Not Measured","-2.0",NA,"12.6",13,1,17,1,19,1,30,1,60,1
"76e88b05-2653-46b2-bd42-912524b7d977","MainAutochamber.201307_E_3_20to24","201307_E3_20-24",7,2013,"2013-07-24","Eriophorum Autochamber Site",3,22,"Not Measured","-2.0",NA,"11.4",13,1,17,1,19,1,30,1,60,1
"bf8ab540-1843-4a33-a49c-f3ee1265f589","MainAutochamber.201307_E_3_30to34","201307_E3_30-34",7,2013,"2013-07-24","Eriophorum Autochamber Site",3,32,"Not Measured","-2.0",NA,"11",13,1,17,1,19,1,30,1,60,1
"b38ca393-1b3a-4b77-84ab-505fa242d4c3","MainAutochamber.201307_E_3_40to44","201307_E3_40-44",7,2013,"2013-07-24","Eriophorum Autochamber Site",3,42,"Not Measured","-2.0",NA,"10.7",13,1,17,1,19,1,30,1,60,1
"af950130-4280-4355-8d4e-349c5608e3a1","MainAutochamber.201307_P_1_30to34","201307_P1_30-34",7,2013,"2013-07-25","Palsa Autochamber Site",1,32,"42.0","Not Detected",NA,"2.2",0,0,0,0,0,0,0,0,0,0
"10cfac3b-2c6a-4fe1-8468-cab92006cacb","MainAutochamber.201307_P_3_5to9","201307_P3_05-09",7,2013,"2013-07-25","Palsa Autochamber Site",3,7,"44.0","Not Detected",NA,NA,0,0,0,0,0,0,0,0,0,0
"8d5abda5-a0c6-4914-beac-5fe57bb9d8eb","MainAutochamber.201307_P_3_30to34","201307_P3_30-34",7,2013,"2013-07-25","Palsa Autochamber Site",3,32,"44.0","Not Detected",NA,NA,0,0,0,0,0,0,0,0,0,0
"3c9b6f60-10d7-4cd5-8255-17dcd582f905","MainAutochamber.201307_S_1_1to5","201307_S1_01-05",7,2013,"2013-07-25","Sphagnum Autochamber Site",1,3,"78.0","-7.0",NA,"14.8",13,0.230769230769231,17,0.235294117647059,19,0.210526315789474,31,0.129032258064516,60,0.1
"d4f628bf-8412-4e62-a4c3-716f8cedccd5","MainAutochamber.201307_S_1_5to9","201307_S1_05-09",7,2013,"2013-07-25","Sphagnum Autochamber Site",1,7,"78.0","-7.0",NA,"13",13,0.846153846153846,17,0.705882352941177,19,0.631578947368421,31,0.419354838709677,60,0.35
"5337b476-0d25-47dc-9546-a9158d54a523","MainAutochamber.201307_S_1_10to14","201307_S1_10-14",7,2013,"2013-07-25","Sphagnum Autochamber Site",1,12,"78.0","-7.0",NA,"8.8",13,1,17,1,19,1,31,0.870967741935484,60,0.733333333333333
"25419e14-63bc-4ee8-8e28-5fb98d559840","MainAutochamber.201307_S_1_20to24","201307_S1_20-24",7,2013,"2013-07-25","Sphagnum Autochamber Site",1,22,"78.0","-7.0",NA,"6.4",13,1,17,1,19,1,31,1,60,1
"905b6f98-95b0-47fc-8f02-a63ce7bcb7d5","MainAutochamber.201307_S_1_30to34","201307_S1_30-34",7,2013,"2013-07-25","Sphagnum Autochamber Site",1,32,"78.0","-7.0",NA,"4.8",13,1,17,1,19,1,31,1,60,1
"d8c7a8a9-01a5-4621-ae99-909400996e33","MainAutochamber.201307_S_1_40to44","201307_S1_40-44",7,2013,"2013-07-25","Sphagnum Autochamber Site",1,42,"78.0","-7.0",NA,"3.9",13,1,17,1,19,1,31,1,60,1
"9f361940-f26d-4ab1-846d-166962f63f25","MainAutochamber.201307_S_2_1to5","201307_S2_01-05",7,2013,"2013-07-25","Sphagnum Autochamber Site",2,3,"78.0","-7.0",NA,"15.7",13,0.230769230769231,17,0.235294117647059,19,0.210526315789474,31,0.129032258064516,60,0.1
"a610a46d-470e-4d0d-9b19-ee1ec08349e6","MainAutochamber.201307_S_2_5to9","201307_S2_05-09",7,2013,"2013-07-25","Sphagnum Autochamber Site",2,7,"78.0","-7.0",NA,"12.5",13,0.846153846153846,17,0.705882352941177,19,0.631578947368421,31,0.419354838709677,60,0.35
"097b7aff-be97-4233-88e6-8af097941f10","MainAutochamber.201307_S_2_10to14","201307_S2_10-14",7,2013,"2013-07-25","Sphagnum Autochamber Site",2,12,"78.0","-7.0",NA,"10.4",13,1,17,1,19,1,31,0.870967741935484,60,0.733333333333333
"f99c1d17-d69a-4070-aa92-f2c5243490ef","MainAutochamber.201307_S_2_20to24","201307_S2_20-24",7,2013,"2013-07-25","Sphagnum Autochamber Site",2,22,"78.0","-7.0",NA,"8.7",13,1,17,1,19,1,31,1,60,1
"7854405e-d661-4937-949b-2b888b15a3b3","MainAutochamber.201307_S_2_30to34","201307_S2_30-34",7,2013,"2013-07-25","Sphagnum Autochamber Site",2,32,"78.0","-7.0",NA,"7.4",13,1,17,1,19,1,31,1,60,1
"f8952099-00c9-4d8b-ae45-23170b460581","MainAutochamber.201307_S_3_1to5","201307_S3_01-05",7,2013,"2013-07-25","Sphagnum Autochamber Site",3,3,"Not Measured","Not Measured",NA,NA,13,0.230769230769231,17,0.235294117647059,19,0.210526315789474,31,0.129032258064516,60,0.1
"2eb279fa-7101-44b9-81e4-c2a68c6a804c","MainAutochamber.201307_S_3_5to9","201307_S3_05-09",7,2013,"2013-07-25","Sphagnum Autochamber Site",3,7,"Not Measured","Not Measured",NA,NA,13,0.846153846153846,17,0.705882352941177,19,0.631578947368421,31,0.419354838709677,60,0.35
"fc2cccfa-b717-439d-804f-21d603309ec3","MainAutochamber.201307_S_3_10to14","201307_S3_10-14",7,2013,"2013-07-25","Sphagnum Autochamber Site",3,12,"Not Measured","Not Measured",NA,NA,13,1,17,1,19,1,31,0.870967741935484,60,0.733333333333333
"c483cc73-c162-40e6-93db-7602534d6c25","MainAutochamber.201307_S_3_20to24","201307_S3_20-24",7,2013,"2013-07-25","Sphagnum Autochamber Site",3,22,"Not Measured","Not Measured",NA,NA,13,1,17,1,19,1,31,1,60,1
"a3c3c015-ad42-4389-a8d0-1789e70454b3","MainAutochamber.201307_S_3_30to34","201307_S3_30-34",7,2013,"2013-07-25","Sphagnum Autochamber Site",3,32,"Not Measured","Not Measured",NA,NA,13,1,17,1,19,1,31,1,60,1
"22b3bb9a-8bda-4d79-a7ea-db2af96e75b5","MainAutochamber.201307_S_3_40to44","201307_S3_40-44",7,2013,"2013-07-25","Sphagnum Autochamber Site",3,42,"Not Measured","Not Measured",NA,NA,13,1,17,1,19,1,31,1,60,1
"62b95ebd-0867-4c12-a8a0-940c3a6649a3","MainAutochamber.201407_E_1_1to5","201407_E1_01-05",7,2014,"2014-07-17","Eriophorum Autochamber Site",1,3,"Below Detection (>100)","0.0",14,"16.7",5,1,8,1,6,1,16,1,30,1
"4e51fadc-e6ed-4042-bf96-1b566a1f5c32","MainAutochamber.201407_E_1_5to9","201407_E1_05-09",7,2014,"2014-07-17","Eriophorum Autochamber Site",1,7,"Below Detection (>100)","0.0",14,"16.9",5,1,8,1,6,1,16,1,30,1
"0735295e-abf9-4f92-8673-201d5f12ddbc","MainAutochamber.201407_E_1_20to24","201407_E1_20-24",7,2014,"2014-07-17","Eriophorum Autochamber Site",1,22,"Below Detection (>100)","0.0",14,"16.5",5,1,8,1,6,1,16,1,30,1
"e3124c34-4b0b-493f-943c-b0b8637aea63","MainAutochamber.201407_E_1_30to34","201407_E1_30-34",7,2014,"2014-07-17","Eriophorum Autochamber Site",1,32,"Below Detection (>100)","0.0",14,"15.8",5,1,8,1,6,1,16,1,30,1
"23ce5142-c3cd-42ce-93e3-67ee42d65d26","MainAutochamber.201407_E_2_1to5","201407_E2_01-05",7,2014,"2014-07-17","Eriophorum Autochamber Site",2,3,"Below Detection (>100)","Not Measured",14,"14.8",5,1,8,1,6,1,16,1,30,1
"a5d8ba10-7a85-44eb-aad4-01dd0ce950f9","MainAutochamber.201407_E_2_5to9","201407_E2_05-09",7,2014,"2014-07-17","Eriophorum Autochamber Site",2,7,"Below Detection (>100)","Not Measured",14,"14.8",5,1,8,1,6,1,16,1,30,1
"8aa0f203-c7de-44f7-ba9e-ff8d14fa1b17","MainAutochamber.201407_E_2_20to24","201407_E2_20-24",7,2014,"2014-07-17","Eriophorum Autochamber Site",2,22,"Below Detection (>100)","Not Measured",14,"12.6",5,1,8,1,6,1,16,1,30,1
"91ab6e86-2d17-435c-9b80-4d830cef9c8d","MainAutochamber.201407_P_1_20to24","201407_P1_20-24",7,2014,"2014-07-19","Palsa Autochamber Site",1,22,"47.0","Not Detected",26.7,"6",0,0,0,0,0,0,0,0,0,0
"69378bf5-067c-4843-8edb-ce1a8067b51a","MainAutochamber.201407_P_1_30to34","201407_P1_30-34",7,2014,"2014-07-19","Palsa Autochamber Site",1,32,"47.0","Not Detected",26.7,"3.6",0,0,0,0,0,0,0,0,0,0
"5c25236a-08ef-4dd7-9e68-e6bbceecc2cb","MainAutochamber.201407_P_1_40to44","201407_P1_40-44",7,2014,"2014-07-19","Palsa Autochamber Site",1,42,"47.0","Not Detected",26.7,"1.5",0,0,0,0,0,0,0,0,0,0
"00b945d1-66e6-4cd5-bc9f-f38d4fb6f4a9","MainAutochamber.201407_P_3_30to34","201407_P3_30-34",7,2014,"2014-07-19","Palsa Autochamber Site",3,32,"40.0","Not Detected",29,"2.9",0,0,0,0,0,0,0,0,0,0
"7f6b8c0c-f8e5-468e-8949-182bc34f72a5","MainAutochamber.201407_P_3_40to44","201407_P3_40-44",7,2014,"2014-07-19","Palsa Autochamber Site",3,42,"40.0","Not Detected",29,"0.3",0,0,0,0,0,0,0,0,0,0
"26a604b2-f2f6-41e6-b5c3-ddee828096e7","MainAutochamber.201407_P_3_50to54","201407_P3_50-54",7,2014,"2014-07-19","Palsa Autochamber Site",3,52,"40.0","Not Detected",29,"0",0,0,0,0,0,0,0,0,0,0
"de313b34-6d7a-4823-a9e5-b8d6e8c816f2","MainAutochamber.201407_P_3_60to64","201407_P3_60-64",7,2014,"2014-07-19","Palsa Autochamber Site",3,62,"40.0","Not Detected",29,"0",0,0,0,0,0,0,0,0,0,0
"f099f77c-1f25-454c-8ca2-5a241800d126","MainAutochamber.201407_P_3_70to74","201407_P3_70-74",7,2014,"2014-07-19","Palsa Autochamber Site",3,72,"40.0","Not Detected",29,"0",0,0,0,0,0,0,0,0,0,0
"be22d7e4-bb50-4450-b9b2-449aa2ad1476","MainAutochamber.201407_S_1_1to5","201407_S1_01-05",7,2014,"2014-07-16","Sphagnum Autochamber Site",1,3,"Below Detection (>100)","-10.0",18.1,"16.2",5,0.2,7,0.142857142857143,6,0.166666666666667,15,0.0666666666666667,30,0.0333333333333333
"a91c61c9-7fe3-43e2-9357-1a7639af3b79","MainAutochamber.201407_S_1_5to9","201407_S1_05-09",7,2014,"2014-07-16","Sphagnum Autochamber Site",1,7,"Below Detection (>100)","-10.0",18.1,"15.1",5,0.2,7,0.142857142857143,6,0.333333333333333,15,0.0666666666666667,30,0.0666666666666667
"ce4ee0e4-7bad-4206-9497-5540e26093bd","MainAutochamber.201407_S_1_10to14","201407_S1_10-14",7,2014,"2014-07-16","Sphagnum Autochamber Site",1,12,"Below Detection (>100)","-10.0",18.1,"14.1",5,0.6,7,0.714285714285714,6,0.333333333333333,15,0.866666666666667,30,0.566666666666667
"a98b6b78-cca1-4614-85ea-461746112c45","MainAutochamber.201407_S_1_20to24","201407_S1_20-24",7,2014,"2014-07-16","Sphagnum Autochamber Site",1,22,"Below Detection (>100)","-10.0",18.1,"12.1",5,1,7,1,6,1,15,1,30,1
"bb0ecf70-7d46-4d55-bc65-c284e760d3ed","MainAutochamber.201407_S_1_30to34","201407_S1_30-34",7,2014,"2014-07-16","Sphagnum Autochamber Site",1,32,"Below Detection (>100)","-10.0",18.1,"10.4",5,1,7,1,6,1,15,1,30,1
"011ca41b-3fe8-45a8-9314-2786e9186898","MainAutochamber.201407_S_1_40to44","201407_S1_40-44",7,2014,"2014-07-16","Sphagnum Autochamber Site",1,42,"Below Detection (>100)","-10.0",18.1,"8.8",5,1,7,1,6,1,15,1,30,1
"f8ef0c41-76fc-4065-82e1-15a99f2c7fd9","MainAutochamber.201407_S_2_1to5","201407_S2_01-05",7,2014,"2014-07-16","Sphagnum Autochamber Site",2,3,"Below Detection (>100)","Not Measured",18.1,"18.4",5,0.2,7,0.142857142857143,6,0.166666666666667,15,0.0666666666666667,30,0.0333333333333333
"13048560-8ce8-4ee8-8b66-19c7e924c51e","MainAutochamber.201407_S_2_5to9","201407_S2_05-09",7,2014,"2014-07-16","Sphagnum Autochamber Site",2,7,"Below Detection (>100)","Not Measured",18.1,"17",5,0.2,7,0.142857142857143,6,0.333333333333333,15,0.0666666666666667,30,0.0666666666666667
"c688a2bd-2c37-49fc-8dd6-4ceabc07485c","MainAutochamber.201407_S_2_20to24","201407_S2_20-24",7,2014,"2014-07-16","Sphagnum Autochamber Site",2,22,"Below Detection (>100)","Not Measured",18.1,"11.9",5,1,7,1,6,1,15,1,30,1
"0b431d83-d1c8-494a-885f-aa2973fa5d60","MainAutochamber.201407_S_2_40to44","201407_S2_40-44",7,2014,"2014-07-16","Sphagnum Autochamber Site",2,42,"Below Detection (>100)","Not Measured",18.1,"8.8",5,1,7,1,6,1,15,1,30,1
"45bd78de-5305-4c96-9fcc-4159ba06fe81","MainAutochamber.201407_S_3_1to5","201407_S3_01-05",7,2014,"2014-07-16","Sphagnum Autochamber Site",3,3,"Below Detection (>100)","Not Measured",18.1,"18.2",5,0.2,7,0.142857142857143,6,0.166666666666667,15,0.0666666666666667,30,0.0333333333333333
"34536c69-7c46-4246-994d-a184344e9081","MainAutochamber.201407_S_3_5to9","201407_S3_05-09",7,2014,"2014-07-16","Sphagnum Autochamber Site",3,7,"Below Detection (>100)","Not Measured",18.1,"17.2",5,0.2,7,0.142857142857143,6,0.333333333333333,15,0.0666666666666667,30,0.0666666666666667
"2da67526-82d5-486a-8166-daf665f15b13","MainAutochamber.201407_S_3_10to14","201407_S3_10-14",7,2014,"2014-07-16","Sphagnum Autochamber Site",3,12,"Below Detection (>100)","Not Measured",18.1,"15.7",5,0.6,7,0.714285714285714,6,0.333333333333333,15,0.866666666666667,30,0.566666666666667
"1ff0cfc6-eeda-46c6-b5c5-cf2aafbbe108","MainAutochamber.201407_S_3_20to24","201407_S3_20-24",7,2014,"2014-07-16","Sphagnum Autochamber Site",3,22,"Below Detection (>100)","Not Measured",18.1,"14.3",5,1,7,1,6,1,15,1,30,1
"a07bf64f-f291-4eb3-b5c0-8258e03a1331","MainAutochamber.201407_S_3_30to34","201407_S3_30-34",7,2014,"2014-07-16","Sphagnum Autochamber Site",3,32,"Below Detection (>100)","Not Measured",18.1,"12.4",5,1,7,1,6,1,15,1,30,1
"51246350-9379-49cb-956f-e53c56822619","MainAutochamber.201407_S_3_40to44","201407_S3_40-44",7,2014,"2014-07-16","Sphagnum Autochamber Site",3,42,"Below Detection (>100)","Not Measured",18.1,"10.6",5,1,7,1,6,1,15,1,30,1
"7f58d9d8-cf5e-46fe-94c6-9b9b739202f5","MainAutochamber.201507_E_1_1to5","201507_E1_01-05",7,2015,"2015-07-15","Eriophorum Autochamber Site",1,3,"Below Detection (>100)","0.0",17.6,"12.9",13,1,19,1,17,0.941176470588235,21,1,47,0.978723404255319
"5da93cf6-70c4-43c6-b503-16f434da4f5d","MainAutochamber.201507_E_1_10to14","201507_E1_10-14",7,2015,"2015-07-15","Eriophorum Autochamber Site",1,12,"Below Detection (>100)","0.0",17.6,"12.0",13,1,19,1,17,1,21,1,47,1
"36671930-2b43-452d-948e-4617193f2277","MainAutochamber.201507_E_1_20to24","201507_E1_20-24",7,2015,"2015-07-15","Eriophorum Autochamber Site",1,22,"Below Detection (>100)","0.0",17.6,"11.0",13,1,19,1,17,1,21,1,47,1
"ab7f6d5e-3b09-4e7e-900c-adbbf50a10d6","MainAutochamber.201507_E_1_30to34","201507_E1_30-34",7,2015,"2015-07-15","Eriophorum Autochamber Site",1,32,"Below Detection (>100)","0.0",17.6,"10.0",13,1,19,1,17,1,21,1,47,1
"109df39e-42e9-4615-9c09-03fb53ee55fe","MainAutochamber.201507_E_2_1to5","201507_E2_01-05",7,2015,"2015-07-15","Eriophorum Autochamber Site",2,3,"Below Detection (>100)","0.0",17.6,"12.1",13,1,19,1,17,0.941176470588235,21,1,47,0.978723404255319
"a421ae0c-87cf-4f24-98bb-aa8d550c9dbd","MainAutochamber.201507_E_2_10to14","201507_E2_10-14",7,2015,"2015-07-15","Eriophorum Autochamber Site",2,12,"Below Detection (>100)","0.0",17.6,"11.0",13,1,19,1,17,1,21,1,47,1
"97527f2a-62bc-4ad3-9b72-95442d23856d","MainAutochamber.201507_E_2_20to24","201507_E2_20-24",7,2015,"2015-07-15","Eriophorum Autochamber Site",2,22,"Below Detection (>100)","0.0",17.6,"10.3",13,1,19,1,17,1,21,1,47,1
"c833ce65-9353-4976-8098-20318858bb88","MainAutochamber.201507_E_2_30to34","201507_E2_30-34",7,2015,"2015-07-15","Eriophorum Autochamber Site",2,32,"Below Detection (>100)","0.0",17.6,"9.6",13,1,19,1,17,1,21,1,47,1
"cc3efd86-03d5-4dc7-a3c8-53864e33c2d8","MainAutochamber.201507_E_3_1to5","201507_E3_01-05",7,2015,"2015-07-15","Eriophorum Autochamber Site",3,3,"Below Detection (>100)","0.0",17.6,"14.5",13,1,19,1,17,0.941176470588235,21,1,47,0.978723404255319
"c0c8800d-ea1a-49b2-a47d-09a7e30f9359","MainAutochamber.201507_E_3_10to14","201507_E3_10-14",7,2015,"2015-07-15","Eriophorum Autochamber Site",3,12,"Below Detection (>100)","0.0",17.6,"13.9",13,1,19,1,17,1,21,1,47,1
"2b435b14-4610-4f12-8b43-4eed403803ea","MainAutochamber.201507_E_3_20to24","201507_E3_20-24",7,2015,"2015-07-15","Eriophorum Autochamber Site",3,22,"Below Detection (>100)","0.0",17.6,"13.3",13,1,19,1,17,1,21,1,47,1
"d88dde5f-7a46-4632-8a68-71bc8923a629","MainAutochamber.201507_E_3_30to34","201507_E3_30-34",7,2015,"2015-07-15","Eriophorum Autochamber Site",3,32,"Below Detection (>100)","0.0",17.6,"12.3",13,1,19,1,17,1,21,1,47,1
"1b673f9b-5229-4810-bb5a-290ec7b9e51e","MainAutochamber.201507_P_1_1to5","201507_P1_01-05",7,2015,"2015-07-15","Palsa Autochamber Site",1,3,"40.0","Not Detected",14,"11.7",0,0,0,0,0,0,0,0,0,0
"161998f3-3f28-4252-8e98-58bdd66e70ee","MainAutochamber.201507_P_1_10to14","201507_P1_10-14",7,2015,"2015-07-15","Palsa Autochamber Site",1,12,"40.0","Not Detected",14,"10.2",0,0,0,0,0,0,0,0,0,0
"1f370c00-4070-4198-829c-f72308ac38d0","MainAutochamber.201507_P_1_20to24","201507_P1_20-24",7,2015,"2015-07-15","Palsa Autochamber Site",1,22,"40.0","Not Detected",14,"6.4",0,0,0,0,0,0,0,0,0,0
"2cb37c8f-9ea2-423f-b55f-71268ea6feb4","MainAutochamber.201507_P_1_30to34","201507_P1_30-34",7,2015,"2015-07-15","Palsa Autochamber Site",1,32,"40.0","Not Detected",14,"1.8",0,0,0,0,0,0,0,0,0,0
"c4e8012c-ee0b-43fa-b645-a24c5f6d0178","MainAutochamber.201507_P_2_1to5","201507_P2_01-05",7,2015,"2015-07-15","Palsa Autochamber Site",2,3,"38.0","Not Detected",14,"12.6",0,0,0,0,0,0,0,0,0,0
"99db4a13-52ea-4ff4-8d33-78372a25faf3","MainAutochamber.201507_P_2_10to14","201507_P2_10-14",7,2015,"2015-07-15","Palsa Autochamber Site",2,12,"38.0","Not Detected",14,"9.4",0,0,0,0,0,0,0,0,0,0
"69846238-b56e-418a-94b9-5bd4a7a08f64","MainAutochamber.201507_P_2_20to24","201507_P2_20-24",7,2015,"2015-07-15","Palsa Autochamber Site",2,22,"38.0","Not Detected",14,"5.6",0,0,0,0,0,0,0,0,0,0
"22f0b14f-4fd9-4c0a-96fe-e20b1b03aec7","MainAutochamber.201507_P_2_30to34","201507_P2_30-34",7,2015,"2015-07-15","Palsa Autochamber Site",2,32,"38.0","Not Detected",14,"3.1",0,0,0,0,0,0,0,0,0,0
"5d5300e3-58d7-4dab-bda5-ebda6fd59ab7","MainAutochamber.201507_P_3_1to5","201507_P3_01-05",7,2015,"2015-07-15","Palsa Autochamber Site",3,3,"38.5","Not Detected",14,"13.2",0,0,0,0,0,0,0,0,0,0
"5ebc6492-04f2-4937-ac51-13de9f2a2622","MainAutochamber.201507_P_3_10to14","201507_P3_10-14",7,2015,"2015-07-15","Palsa Autochamber Site",3,12,"38.5","Not Detected",14,"10.9",0,0,0,0,0,0,0,0,0,0
"57f18fd8-99f4-4e7a-ac3c-1fb60850d60d","MainAutochamber.201507_P_3_20to24","201507_P3_20-24",7,2015,"2015-07-15","Palsa Autochamber Site",3,22,"38.5","Not Detected",14,"6.5",0,0,0,0,0,0,0,0,0,0
"a645954b-084c-4c16-a64e-73ef7e7d674f","MainAutochamber.201507_P_3_30to34","201507_P3_30-34",7,2015,"2015-07-15","Palsa Autochamber Site",3,32,"38.5","Not Detected",14,"2.7",0,0,0,0,0,0,0,0,0,0
"c1cb7fc4-30ec-4918-9290-aca7d0806111","MainAutochamber.201507_S_1_1to5","201507_S1_01-05",7,2015,"2015-07-14","Sphagnum Autochamber Site",1,3,"Below Detection (>100)","-13.0",22,"16.3",14,0.214285714285714,20,0.15,17,0.352941176470588,27,0.111111111111111,56,0.196428571428571
"927ef541-de9c-4f5c-91eb-c5218e6bf142","MainAutochamber.201507_S_1_10to14","201507_S1_10-14",7,2015,"2015-07-14","Sphagnum Autochamber Site",1,12,"Below Detection (>100)","-13.0",22,"8.9",14,1,20,0.9,17,1,27,0.925925925925926,56,0.964285714285714
"c2a3b791-b74a-4616-b4a6-7a8c3ff325d5","MainAutochamber.201507_S_1_20to24","201507_S1_20-24",7,2015,"2015-07-14","Sphagnum Autochamber Site",1,22,"Below Detection (>100)","-13.0",22,"6.0",14,1,20,1,17,1,27,1,56,1
"a78f19f1-7244-47c9-ad8d-6ee5b406dee6","MainAutochamber.201507_S_1_30to34","201507_S1_30-34",7,2015,"2015-07-14","Sphagnum Autochamber Site",1,32,"Below Detection (>100)","-13.0",22,"2.7",14,1,20,1,17,1,27,1,56,1
"3701a2cd-ce40-4df3-a5d6-7e603af56c71","MainAutochamber.201507_S_2_1to5","201507_S2_01-05",7,2015,"2015-07-14","Sphagnum Autochamber Site",2,3,"Below Detection (>100)","-16.0",20,"17.7",14,0.214285714285714,20,0.15,17,0.352941176470588,27,0.111111111111111,56,0.196428571428571
"57a0c778-093f-485b-afaa-7bbde786ed1f","MainAutochamber.201507_S_2_10to14","201507_S2_10-14",7,2015,"2015-07-14","Sphagnum Autochamber Site",2,12,"Below Detection (>100)","-16.0",20,"11.2",14,1,20,0.9,17,1,27,0.925925925925926,56,0.964285714285714
"e4a0e330-c088-46e3-b38f-4984812508ad","MainAutochamber.201507_S_2_20to24","201507_S2_20-24",7,2015,"2015-07-14","Sphagnum Autochamber Site",2,22,"Below Detection (>100)","-16.0",20,"9.2",14,1,20,1,17,1,27,1,56,1
"9e9461d0-66e7-4f87-9e16-c2c64ce0552e","MainAutochamber.201507_S_2_30to34","201507_S2_30-34",7,2015,"2015-07-14","Sphagnum Autochamber Site",2,32,"Below Detection (>100)","-16.0",20,"7.7",14,1,20,1,17,1,27,1,56,1
"86370aa3-fe7f-4d5e-9b67-3329cb85f91c","MainAutochamber.201507_S_3_1to5","201507_S3_01-05",7,2015,"2015-07-14","Sphagnum Autochamber Site",3,3,"35.0","-15.0",19.3,"17.7",14,0.214285714285714,20,0.15,17,0.352941176470588,27,0.111111111111111,56,0.196428571428571
"6602e9f8-4965-4ff8-9c6e-dd40dde70c49","MainAutochamber.201507_S_3_10to14","201507_S3_10-14",7,2015,"2015-07-14","Sphagnum Autochamber Site",3,12,"35.0","-15.0",19.3,"8.9",14,1,20,0.9,17,1,27,0.925925925925926,56,0.964285714285714
"65ba8367-f3f1-45d9-9cec-31b4e98a5b06","MainAutochamber.201507_S_3_20to24","201507_S3_20-24",7,2015,"2015-07-14","Sphagnum Autochamber Site",3,22,"35.0","-15.0",19.3,"6.0",14,1,20,1,17,1,27,1,56,1
"9abaef7e-cee7-4224-8a5d-339d5f0ec4c6","MainAutochamber.201507_S_3_30to34","201507_S3_30-34",7,2015,"2015-07-14","Sphagnum Autochamber Site",3,32,"35.0","-15.0",19.3,"3.5",14,1,20,1,17,1,27,1,56,1
"160f4eea-84f6-4a86-ba12-49bde4bc17c4","MainAutochamber.201607_E_1_1to5","201607_E1_01-05",7,2016,"2016-07-23","Eriophorum Autochamber Site",1,3,"Below Detection (>100)","-4.2",25.2,"19.9",6,1,6,1,6,1,6,1,8,1
"d0ec4bb0-806a-46e3-8e55-db1517346cd3","MainAutochamber.201607_E_1_10to14","201607_E1_10-14",7,2016,"2016-07-23","Eriophorum Autochamber Site",1,12,"Below Detection (>100)","-4.2",25.2,"13.7",6,1,6,1,6,1,6,1,8,1
"336e1b32-0d18-403a-b804-4719519031f4","MainAutochamber.201607_E_1_20to24","201607_E1_20-24",7,2016,"2016-07-23","Eriophorum Autochamber Site",1,22,"Below Detection (>100)","-4.2",25.2,"12.8",6,1,6,1,6,1,6,1,8,1
"63fe0ee5-20c1-43f1-b2ce-42bb163dd3ff","MainAutochamber.201607_E_1_30to34","201607_E1_30-34",7,2016,"2016-07-23","Eriophorum Autochamber Site",1,32,"Below Detection (>100)","-4.2",25.2,"12.2",6,1,6,1,6,1,6,1,8,1
"b8929ef3-601e-4d2e-a98a-77f7e6385b09","MainAutochamber.201607_E_2_1to5","201607_E2_01-05",7,2016,"2016-07-23","Eriophorum Autochamber Site",2,3,"Below Detection (>100)","-3.0",25.1,"19.2",6,1,6,1,6,1,6,1,8,1
"24a83232-3434-432f-b342-04daa3f5c732","MainAutochamber.201607_E_2_10to14","201607_E2_10-14",7,2016,"2016-07-23","Eriophorum Autochamber Site",2,12,"Below Detection (>100)","-3.0",25.1,"16.8",6,1,6,1,6,1,6,1,8,1
"d11d5be1-96d8-4b33-98fa-3ac0181ec53f","MainAutochamber.201607_E_2_20to24","201607_E2_20-24",7,2016,"2016-07-23","Eriophorum Autochamber Site",2,22,"Below Detection (>100)","-3.0",25.1,"15.1",6,1,6,1,6,1,6,1,8,1
"74bd3450-5959-4a27-997f-99723cbebe50","MainAutochamber.201607_E_2_30to34","201607_E2_30-34",7,2016,"2016-07-23","Eriophorum Autochamber Site",2,32,"Below Detection (>100)","-3.0",25.1,"13.6",6,1,6,1,6,1,6,1,8,1
"09f30f67-4b73-4529-95ea-cc9c1d16d6e4","MainAutochamber.201607_E_3_1to5","201607_E3_01-05",7,2016,"2016-07-23","Eriophorum Autochamber Site",3,3,"Below Detection (>100)","0.0",28,"19.8",6,1,6,1,6,1,6,1,8,1
"284bbb3b-0fda-47cb-a012-8963be6947e5","MainAutochamber.201607_E_3_10to14","201607_E3_10-14",7,2016,"2016-07-23","Eriophorum Autochamber Site",3,12,"Below Detection (>100)","0.0",28,"15.2",6,1,6,1,6,1,6,1,8,1
"74410e32-4802-4acb-b374-e83a8bde4764","MainAutochamber.201607_E_3_20to24","201607_E3_20-24",7,2016,"2016-07-23","Eriophorum Autochamber Site",3,22,"Below Detection (>100)","0.0",28,"13.7",6,1,6,1,6,1,6,1,8,1
"7344f3d5-37ad-4490-949d-770488b37d2c","MainAutochamber.201607_E_3_30to34","201607_E3_30-34",7,2016,"2016-07-23","Eriophorum Autochamber Site",3,32,"Below Detection (>100)","0.0",28,"12.5",6,1,6,1,6,1,6,1,8,1
"3560b19f-352a-48eb-ab13-1e02273d9f6b","MainAutochamber.201607_P_1_1to5","201607_P1_01-05",7,2016,"2016-07-24","Palsa Autochamber Site",1,3,"84.0","+/- neg, see notes",20.4,"13.4",0,0,0,0,0,0,0,0,0,0
"f9d5a1ec-86e2-4399-83e5-df6fd39b1a59","MainAutochamber.201607_P_1_10to14","201607_P1_10-14",7,2016,"2016-07-24","Palsa Autochamber Site",1,12,"84.0","+/- neg, see notes",20.4,"10.4",0,0,0,0,0,0,0,0,0,0
"48c377d6-41f1-45ff-98b2-6aea07be885d","MainAutochamber.201607_P_1_30to34","201607_P1_30-34",7,2016,"2016-07-24","Palsa Autochamber Site",1,32,"84.0","+/- neg, see notes",20.4,"5.4",0,0,0,0,0,0,0,0,0,0
"850551fa-19aa-4391-8b57-24f58c7bd3ba","MainAutochamber.201607_P_2_1to5","201607_P2_01-05",7,2016,"2016-07-24","Palsa Autochamber Site",2,3,"39.5","Below Detection (<-100)",20,"21.1",0,0,0,0,0,0,0,0,0,0
"6aa4948e-4623-4fb1-812b-a62b0c86f077","MainAutochamber.201607_P_2_10to14","201607_P2_10-14",7,2016,"2016-07-24","Palsa Autochamber Site",2,12,"39.5","Below Detection (<-100)",20,"11.1",0,0,0,0,0,0,0,0,0,0
"48b94789-907c-48a9-b3a3-1cdd5c729ec0","MainAutochamber.201607_P_2_20to24","201607_P2_20-24",7,2016,"2016-07-24","Palsa Autochamber Site",2,22,"39.5","Below Detection (<-100)",20,"6.8",0,0,0,0,0,0,0,0,0,0
"67af95a1-2543-4f73-a6c2-38d0c10491d7","MainAutochamber.201607_P_2_30to34","201607_P2_30-34",7,2016,"2016-07-24","Palsa Autochamber Site",2,32,"39.5","Below Detection (<-100)",20,"3.8",0,0,0,0,0,0,0,0,0,0
"27f388ee-6d87-4dd3-b899-7d25d7c870dd","MainAutochamber.201607_P_3_1to5","201607_P3_01-05",7,2016,"2016-07-24","Palsa Autochamber Site",3,3,"35.5","Below Detection (<-100)",17.4,"16.0",0,0,0,0,0,0,0,0,0,0
"c165cf23-b41f-4c88-ad71-f3446003745b","MainAutochamber.201607_P_3_10to14","201607_P3_10-14",7,2016,"2016-07-24","Palsa Autochamber Site",3,12,"35.5","Below Detection (<-100)",17.4,"9.5",0,0,0,0,0,0,0,0,0,0
"1d12b007-abe7-48ba-ac4f-fdc4e2af54ad","MainAutochamber.201607_P_3_20to24","201607_P3_20-24",7,2016,"2016-07-24","Palsa Autochamber Site",3,22,"35.5","Below Detection (<-100)",17.4,"4.3",0,0,0,0,0,0,0,0,0,0
"bc6a4c13-3894-46b6-b7b9-2f6e43eac966","MainAutochamber.201607_P_3_30to34","201607_P3_30-34",7,2016,"2016-07-24","Palsa Autochamber Site",3,32,"35.5","Below Detection (<-100)",17.4,"1.3",0,0,0,0,0,0,0,0,0,0
"a9d3e465-bf11-4df6-b95c-e411103ca3ad","MainAutochamber.201607_S_1_1to5","201607_S1_01-05",7,2016,"2016-07-26","Sphagnum Autochamber Site",1,3,"Below Detection (>100)","-10.0",17.2,"14.8",5,1,7,0.714285714285714,7,0.714285714285714,7,0.714285714285714,9,0.777777777777778
"c80e482f-4433-41b3-9949-9914d5c3aba4","MainAutochamber.201607_S_1_10to14","201607_S1_10-14",7,2016,"2016-07-26","Sphagnum Autochamber Site",1,12,"Below Detection (>100)","-10.0",17.2,"13.5",5,1,7,1,7,1,7,1,9,1
"be9c8384-3db1-49a3-a650-57f6f8ecdeb8","MainAutochamber.201607_S_1_20to24","201607_S1_20-24",7,2016,"2016-07-26","Sphagnum Autochamber Site",1,22,"Below Detection (>100)","-10.0",17.2,"11.6",5,1,7,1,7,1,7,1,9,1
"203ec673-eeb1-498c-92ab-3338dc537741","MainAutochamber.201607_S_1_30to34","201607_S1_30-34",7,2016,"2016-07-26","Sphagnum Autochamber Site",1,32,"Below Detection (>100)","-10.0",17.2,"9.7",5,1,7,1,7,1,7,1,9,1
"0ed9ff48-2e2b-44c9-adfe-a89a98421884","MainAutochamber.201607_S_2_1to5","201607_S2_01-05",7,2016,"2016-07-26","Sphagnum Autochamber Site",2,3,"Below Detection (>100)","-9.0",18.5,"17.3",5,1,7,0.714285714285714,7,0.714285714285714,7,0.714285714285714,9,0.777777777777778
"db067a2d-6edf-427e-b83c-4594a6a9195f","MainAutochamber.201607_S_2_10to14","201607_S2_10-14",7,2016,"2016-07-26","Sphagnum Autochamber Site",2,12,"Below Detection (>100)","-9.0",18.5,"13.5",5,1,7,1,7,1,7,1,9,1
"fede538e-96fe-4456-bf75-f0c2b4902877","MainAutochamber.201607_S_2_20to24","201607_S2_20-24",7,2016,"2016-07-26","Sphagnum Autochamber Site",2,22,"Below Detection (>100)","-9.0",18.5,"11.8",5,1,7,1,7,1,7,1,9,1
"808232e0-7bd5-4a77-bcee-d0de5e5744ec","MainAutochamber.201607_S_2_30to34","201607_S2_30-34",7,2016,"2016-07-26","Sphagnum Autochamber Site",2,32,"Below Detection (>100)","-9.0",18.5,"10.3",5,1,7,1,7,1,7,1,9,1
"0e8e2011-1e4e-4b7c-983e-dfdcb4a280c2","MainAutochamber.201607_S_3_1to5","201607_S3_01-05",7,2016,"2016-07-26","Sphagnum Autochamber Site",3,3,"Below Detection (>100)","-10.0",20.3,"18.6",5,1,7,0.714285714285714,7,0.714285714285714,7,0.714285714285714,9,0.777777777777778
"3709fddf-98da-45e9-8a0d-df276b653dfc","MainAutochamber.201607_S_3_10to14","201607_S3_10-14",7,2016,"2016-07-26","Sphagnum Autochamber Site",3,12,"Below Detection (>100)","-10.0",20.3,"15.3",5,1,7,1,7,1,7,1,9,1
"79da7ad5-cc5e-46e9-8c9a-8ccb43732059","MainAutochamber.201607_S_3_20to24","201607_S3_20-24",7,2016,"2016-07-26","Sphagnum Autochamber Site",3,22,"Below Detection (>100)","-10.0",20.3,"13.7",5,1,7,1,7,1,7,1,9,1
"ff3ca81b-9fde-4118-afb2-09892f428a8e","MainAutochamber.201607_S_3_30to34","201607_S3_30-34",7,2016,"2016-07-26","Sphagnum Autochamber Site",3,32,"Below Detection (>100)","-10.0",20.3,"11.8",5,1,7,1,7,1,7,1,9,1
"a27df9b2-4c45-4d9a-b392-a99fc7b23e8b","MainAutochamber.201707_E_1_1to5","201707_E1_01-05",7,2017,"2017-07-24","Eriophorum Autochamber Site",1,3,"Below Detection (>100)","Difficult to tell, fluffy sphag layer floated in/above the water surface.",22.5,"18.9",3,1,4,1,5,1,7,1,17,1
"492c8573-5970-4ca3-bc37-af25d1c0951f","MainAutochamber.201707_E_1_10to14","201707_E1_10-14",7,2017,"2017-07-24","Eriophorum Autochamber Site",1,12,"Below Detection (>100)","Difficult to tell, fluffy sphag layer floated in/above the water surface.",22.5,"17.1",3,1,4,1,5,1,7,1,17,1
"cccb6a79-4f2f-4240-b549-2dcf8dbbbfa1","MainAutochamber.201707_E_1_20to24","201707_E1_20-24",7,2017,"2017-07-24","Eriophorum Autochamber Site",1,22,"Below Detection (>100)","Difficult to tell, fluffy sphag layer floated in/above the water surface.",22.5,"16.3",3,1,4,1,5,1,7,1,17,1
"5ffdee35-f89e-43c4-914c-569b992b3a25","MainAutochamber.201707_E_1_30to34","201707_E1_30-34",7,2017,"2017-07-24","Eriophorum Autochamber Site",1,32,"Below Detection (>100)","Difficult to tell, fluffy sphag layer floated in/above the water surface.",22.5,"15.9",3,1,4,1,5,1,7,1,17,1
"f496b6e1-3ea7-4220-b892-8dbcc4cb50b5","MainAutochamber.201707_E_2_1to5","201707_E2_01-05",7,2017,"2017-07-24","Eriophorum Autochamber Site",2,3,"Below Detection (>100)","17.0",22.1,"18.1",3,1,4,1,5,1,7,1,17,1
"70411733-6f72-46c7-b398-ad2342faaec1","MainAutochamber.201707_E_2_10to14","201707_E2_10-14",7,2017,"2017-07-24","Eriophorum Autochamber Site",2,12,"Below Detection (>100)","17.0",22.1,"16.6",3,1,4,1,5,1,7,1,17,1
"321c8bca-d6ae-46f6-9fee-1799b4f8623a","MainAutochamber.201707_E_2_20to24","201707_E2_20-24",7,2017,"2017-07-24","Eriophorum Autochamber Site",2,22,"Below Detection (>100)","17.0",22.1,"15.6",3,1,4,1,5,1,7,1,17,1
"026f1f48-61f4-4eeb-b655-33066fc48447","MainAutochamber.201707_E_3_1to5","201707_E3_01-05",7,2017,"2017-07-24","Eriophorum Autochamber Site",3,3,"Below Detection (>100)","10.0",21.2,"17.1",3,1,4,1,5,1,7,1,17,1
"e287408f-e933-44ee-b934-ea30123927ce","MainAutochamber.201707_E_3_10to14","201707_E3_10-14",7,2017,"2017-07-24","Eriophorum Autochamber Site",3,12,"Below Detection (>100)","10.0",21.2,"16.1",3,1,4,1,5,1,7,1,17,1
"d85cdbd8-b9f5-4856-8a34-0338bbf38f1b","MainAutochamber.201707_E_3_20to24","201707_E3_20-24",7,2017,"2017-07-24","Eriophorum Autochamber Site",3,22,"Below Detection (>100)","10.0",21.2,"15.6",3,1,4,1,5,1,7,1,17,1
"973d7810-5bb2-4d40-aa65-d4329f683f3f","MainAutochamber.201707_E_3_30to34","201707_E3_30-34",7,2017,"2017-07-24","Eriophorum Autochamber Site",3,32,"Below Detection (>100)","10.0",21.2,"15.2",3,1,4,1,5,1,7,1,17,1
"f9e14b6d-68a4-4e96-888e-95870c93009e","MainAutochamber.201707_P_1_1to5","201707_P1_01-05",7,2017,"2017-07-20","Palsa Autochamber Site",1,3,"30.0","Not Detected",10.3,"14.3",0,0,0,0,0,0,0,0,0,0
"b312c813-c0b4-4f10-babc-32ff83c45f05","MainAutochamber.201707_P_1_10to14","201707_P1_10-14",7,2017,"2017-07-20","Palsa Autochamber Site",1,12,"30.0","Not Detected",10.3,"10.2",0,0,0,0,0,0,0,0,0,0
"8983e4da-b89b-4222-b62f-0fc99bc2a995","MainAutochamber.201707_P_1_20to24","201707_P1_20-24",7,2017,"2017-07-20","Palsa Autochamber Site",1,22,"30.0","Not Detected",10.3,"7.9",0,0,0,0,0,0,0,0,0,0
"86e81193-e3fc-4ec4-8306-4d95234283d0","MainAutochamber.201707_P_2_1to5","201707_P2_01-05",7,2017,"2017-07-20","Palsa Autochamber Site",2,3,"35.0","Not Detected",15.2,"13.3",0,0,0,0,0,0,0,0,0,0
"47f4edcf-c47f-418d-9480-d55f962c8a7f","MainAutochamber.201707_P_2_10to14","201707_P2_10-14",7,2017,"2017-07-20","Palsa Autochamber Site",2,12,"35.0","Not Detected",15.2,"10.5",0,0,0,0,0,0,0,0,0,0
"34d4c754-c430-4d6e-a12d-5bc280bd4772","MainAutochamber.201707_P_2_20to24","201707_P2_20-24",7,2017,"2017-07-20","Palsa Autochamber Site",2,22,"35.0","Not Detected",15.2,"8.0",0,0,0,0,0,0,0,0,0,0
"57d249ec-b4d4-406e-b25f-b476ae60a12e","MainAutochamber.201707_P_3_1to5","201707_P3_01-05",7,2017,"2017-07-20","Palsa Autochamber Site",3,3,"31.0","Not Detected",14.3,"14.6",0,0,0,0,0,0,0,0,0,0
"cf39fc7c-af6e-4c94-a3a2-e00fe4313d71","MainAutochamber.201707_P_3_10to14","201707_P3_10-14",7,2017,"2017-07-20","Palsa Autochamber Site",3,12,"31.0","Not Detected",14.3,"10.5",0,0,0,0,0,0,0,0,0,0
"c17ae288-58c7-4be6-b75f-a7ebabd8e117","MainAutochamber.201707_P_3_20to24","201707_P3_20-24",7,2017,"2017-07-20","Palsa Autochamber Site",3,22,"31.0","Not Detected",14.3,"7.7",0,0,0,0,0,0,0,0,0,0
"679b4aae-7c39-40cf-afb1-91446dcec35d","MainAutochamber.201707_S_2_1to5","201707_S2_01-05",7,2017,"2017-07-21","Sphagnum Autochamber Site",2,3,"Below Detection (>100)","-11.0",18.8,"20.3",4,0,5,0,5,0,7,0,17,0
"27438b27-c22c-460a-a464-a62f75e040d4","MainAutochamber.201707_S_2_10to14","201707_S2_10-14",7,2017,"2017-07-21","Sphagnum Autochamber Site",2,12,"Below Detection (>100)","-11.0",18.8,"14.8",4,1,5,1,5,1,7,1,17,1
"54f968b9-4b3e-4c31-9d99-7fbdeedce2e5","MainAutochamber.201707_S_2_20to24","201707_S2_20-24",7,2017,"2017-07-21","Sphagnum Autochamber Site",2,22,"Below Detection (>100)","-11.0",18.8,"13.8",4,1,5,1,5,1,7,1,17,1
"0c9369f4-2fc5-48ea-83a7-1f8be0f9f286","MainAutochamber.201707_S_2_30to34","201707_S2_30-34",7,2017,"2017-07-21","Sphagnum Autochamber Site",2,32,"Below Detection (>100)","-11.0",18.8,"13.4",4,1,5,1,5,1,7,1,17,1
"eda1dfe4-9c07-4b43-a48e-5e7d895e63c9","MainAutochamber.201707_S_3_1to5","201707_S3_01-05",7,2017,"2017-07-21","Sphagnum Autochamber Site",3,3,"Below Detection (>100)","-13.0",23.3,"21.0",4,0,5,0,5,0,7,0,17,0
"58ee65e5-11fd-46c3-9763-47bbc60d945b","MainAutochamber.201707_S_3_10to14","201707_S3_10-14",7,2017,"2017-07-21","Sphagnum Autochamber Site",3,12,"Below Detection (>100)","-13.0",23.3,"18.5",4,1,5,1,5,1,7,1,17,1
"ad477fa8-fd79-4dc2-b39d-1569d9f14d3f","MainAutochamber.201707_S_3_20to24","201707_S3_20-24",7,2017,"2017-07-21","Sphagnum Autochamber Site",3,22,"Below Detection (>100)","-13.0",23.3,"17.6",4,1,5,1,5,1,7,1,17,1
"09931480-994b-4749-918d-366a2f01c679","MainAutochamber.201707_S_3_30to34","201707_S3_30-34",7,2017,"2017-07-21","Sphagnum Autochamber Site",3,32,"Below Detection (>100)","-13.0",23.3,"16.5",4,1,5,1,5,1,7,1,17,1
