"","net$colors","mergedColors"
"20100900_E1D_10",1,"turquoise"
"20100900_E1D_13",1,"turquoise"
"20100900_E1D_4",17,"grey60"
"20100900_E1D_8",1,"turquoise"
"20100900_E1D_9",17,"grey60"
"20100900_E2D_7",1,"turquoise"
"20100900_E3D_12",1,"turquoise"
"20100900_E3D_5",1,"turquoise"
"20100900_E3S_1",5,"green"
"20110600_P1D_1",21,"darkred"
"20110600_P1M_17",21,"darkred"
"20110600_P1M_18",11,"greenyellow"
"20110600_P1M_4",11,"greenyellow"
"20110600_P1M_7",11,"greenyellow"
"20110600_P3S_13",7,"black"
"20110600_P3S_14",7,"black"
"20110600_P3S_4",12,"tan"
"20110600_P3S_5",12,"tan"
"20110600_P3S_9",7,"black"
"20110600_S1D_11",3,"brown"
"20110600_S1D_15",3,"brown"
"20110600_S1D_17",3,"brown"
"20110600_S1M_11",10,"purple"
"20110600_S1S_4",4,"yellow"
"20110600_S3M_2",1,"turquoise"
"20110700_E1D_5",1,"turquoise"
"20110700_P1D_2",16,"lightcyan"
"20110700_P1M_3",15,"midnightblue"
"20110700_P1S_10",15,"midnightblue"
"20110700_P1S_11",7,"black"
"20110700_P1S_12",7,"black"
"20110700_P1S_2",8,"pink"
"20110700_P2D_11",10,"purple"
"20110700_P2D_21",5,"green"
"20110700_P2D_26",13,"salmon"
"20110700_P2D_27",16,"lightcyan"
"20110700_P2D_30",13,"salmon"
"20110700_P2D_37",13,"salmon"
"20110700_P2D_7",21,"darkred"
"20110700_P2D_8",0,"grey"
"20110700_P2D_9",21,"darkred"
"20110700_P2M_2",11,"greenyellow"
"20110700_P2M_8",11,"greenyellow"
"20110700_P2S_4",8,"pink"
"20110700_P2S_6",8,"pink"
"20110700_P3D_13",13,"salmon"
"20110700_P3M_11",11,"greenyellow"
"20110700_P3M_3",15,"midnightblue"
"20110700_P3M_9",15,"midnightblue"
"20110700_P3S_3",7,"black"
"20110700_P3S_5",15,"midnightblue"
"20110700_P3S_8",7,"black"
"20110700_S2D_14",18,"lightgreen"
"20110700_S2D_21",18,"lightgreen"
"20110700_S2D_6",10,"purple"
"20110700_S3M_11",3,"brown"
"20110700_S3M_12",3,"brown"
"20110700_S3M_15",12,"tan"
"20110700_S3M_18",10,"purple"
"20110800_E1D_1",1,"turquoise"
"20110800_E1D_22",2,"blue"
"20110800_E1D_3",1,"turquoise"
"20110800_E1D_4",1,"turquoise"
"20110800_E1D_5",2,"blue"
"20110800_E1D_6",1,"turquoise"
"20110800_E1S_2",5,"green"
"20110800_E1S_5",5,"green"
"20110800_E2D_12",5,"green"
"20110800_E2D_15",2,"blue"
"20110800_E2D_18",2,"blue"
"20110800_E2D_20",2,"blue"
"20110800_E2D_22",2,"blue"
"20110800_E2D_26",2,"blue"
"20110800_E2D_3",2,"blue"
"20110800_E2D_31",2,"blue"
"20110800_E2D_32",1,"turquoise"
"20110800_E2D_35",2,"blue"
"20110800_E2D_5",2,"blue"
"20110800_E2D_6",2,"blue"
"20110800_E2D_8",20,"royalblue"
"20110800_E2D_9",5,"green"
"20110800_E2S_1",5,"green"
"20110800_E2S_11",5,"green"
"20110800_E2S_12",19,"lightyellow"
"20110800_E2S_4",5,"green"
"20110800_E3D_1",17,"grey60"
"20110800_E3D_10",2,"blue"
"20110800_E3D_11",2,"blue"
"20110800_E3D_13",1,"turquoise"
"20110800_E3D_15",2,"blue"
"20110800_E3D_16",17,"grey60"
"20110800_E3D_17",1,"turquoise"
"20110800_E3D_18",2,"blue"
"20110800_E3D_19",2,"blue"
"20110800_E3D_20",2,"blue"
"20110800_E3D_22",2,"blue"
"20110800_E3D_26",2,"blue"
"20110800_E3D_28",2,"blue"
"20110800_E3D_3",2,"blue"
"20110800_E3D_30",2,"blue"
"20110800_E3D_35",2,"blue"
"20110800_E3D_36",2,"blue"
"20110800_E3D_38",2,"blue"
"20110800_E3D_4",2,"blue"
"20110800_E3D_40",2,"blue"
"20110800_E3D_41",5,"green"
"20110800_E3D_5",2,"blue"
"20110800_E3D_9",18,"lightgreen"
"20110800_E3M_2",19,"lightyellow"
"20110800_E3M_4",19,"lightyellow"
"20110800_E3M_6",19,"lightyellow"
"20110800_E3S_2",19,"lightyellow"
"20110800_P1D_16",16,"lightcyan"
"20110800_P1D_22",21,"darkred"
"20110800_P1D_29",20,"royalblue"
"20110800_P1M_19",16,"lightcyan"
"20110800_P1M_9",16,"lightcyan"
"20110800_P1S_2",8,"pink"
"20110800_P1S_5",15,"midnightblue"
"20110800_P2D_12",16,"lightcyan"
"20110800_P2D_8",13,"salmon"
"20110800_P2D_9",21,"darkred"
"20110800_P3M_11",11,"greenyellow"
"20110800_P3M_18",11,"greenyellow"
"20110800_P3M_3",11,"greenyellow"
"20110800_P3S_2",15,"midnightblue"
"20110800_P3S_5",15,"midnightblue"
"20110800_P3S_8",8,"pink"
"20110800_P3S_9",7,"black"
"20110800_S1D_14",18,"lightgreen"
"20110800_S1D_5",18,"lightgreen"
"20110800_S1M_17",10,"purple"
"20110800_S1M_20",18,"lightgreen"
"20110800_S1M_32",18,"lightgreen"
"20110800_S1M_8",18,"lightgreen"
"20110800_S1S_1",14,"cyan"
"20110800_S1S_18",14,"cyan"
"20110800_S1S_3",14,"cyan"
"20110800_S1S_6",14,"cyan"
"20110800_S1S_9",14,"cyan"
"20110800_S2M_3",3,"brown"
"20110800_S2M_9",3,"brown"
"20110800_S3D_14",10,"purple"
"20110800_S3D_19",18,"lightgreen"
"20110800_S3D_28",3,"brown"
"20110800_S3D_3",3,"brown"
"20110800_S3M_18",4,"yellow"
"20110800_S3S_12",14,"cyan"
"20110800_S3S_13",14,"cyan"
"20110800_S3S_2",14,"cyan"
"20110800_S3S_23",14,"cyan"
"20110800_S3S_24",14,"cyan"
"20110800_S3S_25",9,"magenta"
"20110800_S3S_26",14,"cyan"
"20110800_S3S_27",9,"magenta"
"20110800_S3S_28",14,"cyan"
"20110800_S3S_4",9,"magenta"
"20110800_S3S_9",14,"cyan"
"20111000_E3D_3",1,"turquoise"
"20111000_E3D_5",17,"grey60"
"20111000_E3D_7",17,"grey60"
"20111000_E3D_9",17,"grey60"
"20111000_P1D_11",20,"royalblue"
"20111000_P1D_14",20,"royalblue"
"20111000_P1M_5",13,"salmon"
"20111000_P1M_7",21,"darkred"
"20111000_P1S_1",7,"black"
"20111000_P1S_2",7,"black"
"20111000_P1S_5",7,"black"
"20111000_P1S_6",7,"black"
"20111000_P2D_13",13,"salmon"
"20111000_P2D_14",13,"salmon"
"20111000_P2D_16",20,"royalblue"
"20111000_P2D_3",13,"salmon"
"20111000_P2D_4",2,"blue"
"20111000_P2D_6",20,"royalblue"
"20111000_P2M_3",13,"salmon"
"20111000_P2M_7",11,"greenyellow"
"20111000_P2S_1",7,"black"
"20111000_P3M_22",16,"lightcyan"
"20111000_P3M_32",16,"lightcyan"
"20111000_P3M_44",16,"lightcyan"
"20111000_P3M_9",16,"lightcyan"
"20111000_S1D_12",4,"yellow"
"20111000_S1D_14",6,"red"
"20111000_S1D_3",4,"yellow"
"20111000_S1D_6",4,"yellow"
"20111000_S2M_4",6,"red"
"20111000_S3M_6",4,"yellow"
"20111000_S3S_10",14,"cyan"
"20111000_S3S_7",14,"cyan"
"20120500_P13_5",13,"salmon"
"20120500_P13_9",13,"salmon"
"20120500_P15_4",11,"greenyellow"
"20120500_P17_2",20,"royalblue"
"20120500_P19_10",2,"blue"
"20120500_P23_1",11,"greenyellow"
"20120500_P23_4",11,"greenyellow"
"20120500_P23_5",15,"midnightblue"
"20120500_P23_6",11,"greenyellow"
"20120500_P24_5",13,"salmon"
"20120500_P24_7",11,"greenyellow"
"20120500_P24_8",11,"greenyellow"
"20120500_P25_12",21,"darkred"
"20120500_P26_1",20,"royalblue"
"20120500_P26_12",16,"lightcyan"
"20120500_P26_5",20,"royalblue"
"20120500_P26_8",18,"lightgreen"
"20120500_P28_11",3,"brown"
"20120500_P28_12",16,"lightcyan"
"20120500_P31_3",8,"pink"
"20120500_P31_6",15,"midnightblue"
"20120500_P31_8",15,"midnightblue"
"20120500_P32_2",11,"greenyellow"
"20120500_P32_4",11,"greenyellow"
"20120500_P32_5",11,"greenyellow"
"20120500_P32_6",11,"greenyellow"
"20120500_P36_7",16,"lightcyan"
"20120500_P38_6",2,"blue"
"20120600_E1D_13",1,"turquoise"
"20120600_E1D_16",19,"lightyellow"
"20120600_E1D_17",1,"turquoise"
"20120600_E1D_18",1,"turquoise"
"20120600_E1D_19",1,"turquoise"
"20120600_E1D_20",1,"turquoise"
"20120600_E1D_25",1,"turquoise"
"20120600_E1D_30",1,"turquoise"
"20120600_E1D_31",1,"turquoise"
"20120600_E1D_32",1,"turquoise"
"20120600_E1D_34",1,"turquoise"
"20120600_E1D_37",17,"grey60"
"20120600_E1D_38",1,"turquoise"
"20120600_E1D_41",1,"turquoise"
"20120600_E1D_42",1,"turquoise"
"20120600_E1D_48",1,"turquoise"
"20120600_E1D_5",5,"green"
"20120600_E1D_51",1,"turquoise"
"20120600_E1D_52",1,"turquoise"
"20120600_E1D_53",1,"turquoise"
"20120600_E1D_55",1,"turquoise"
"20120600_E1D_6",1,"turquoise"
"20120600_E1D_9",5,"green"
"20120600_E2D_1",1,"turquoise"
"20120600_E2D_11",1,"turquoise"
"20120600_E2D_12",1,"turquoise"
"20120600_E2D_15",17,"grey60"
"20120600_E2D_16",1,"turquoise"
"20120600_E2D_19",5,"green"
"20120600_E2D_2",1,"turquoise"
"20120600_E2D_21",13,"salmon"
"20120600_E2D_24",1,"turquoise"
"20120600_E2D_27",5,"green"
"20120600_E2D_28",4,"yellow"
"20120600_E2D_33",1,"turquoise"
"20120600_E2D_36",1,"turquoise"
"20120600_E2D_38",1,"turquoise"
"20120600_E2D_39",1,"turquoise"
"20120600_E2D_41",1,"turquoise"
"20120600_E2D_47",5,"green"
"20120600_E2D_49",5,"green"
"20120600_E2D_57",1,"turquoise"
"20120600_E2D_8",5,"green"
"20120600_E2D_9",5,"green"
"20120600_E3D_13",5,"green"
"20120600_E3D_14",1,"turquoise"
"20120600_E3D_17",1,"turquoise"
"20120600_E3D_18",1,"turquoise"
"20120600_E3D_2",5,"green"
"20120600_E3D_20",1,"turquoise"
"20120600_E3D_25",5,"green"
"20120600_E3D_27",1,"turquoise"
"20120600_E3D_29",5,"green"
"20120600_E3D_3",1,"turquoise"
"20120600_E3D_33",5,"green"
"20120600_E3D_36",5,"green"
"20120600_E3D_37",5,"green"
"20120600_E3D_38",1,"turquoise"
"20120600_E3D_41",17,"grey60"
"20120600_E3D_42",17,"grey60"
"20120600_E3D_45",5,"green"
"20120600_E3D_46",1,"turquoise"
"20120600_E3D_48",1,"turquoise"
"20120600_E3D_49",1,"turquoise"
"20120600_E3D_50",1,"turquoise"
"20120600_E3D_8",1,"turquoise"
"20120600_P1M_1",7,"black"
"20120600_P2M_10",8,"pink"
"20120600_P2M_5",15,"midnightblue"
"20120600_P2M_7",8,"pink"
"20120600_P2M_8",15,"midnightblue"
"20120600_P2M_9",8,"pink"
"20120600_P2S_3",7,"black"
"20120600_P2S_4",7,"black"
"20120600_P3D_1",11,"greenyellow"
"20120600_P3D_3",11,"greenyellow"
"20120600_P3M_10",8,"pink"
"20120600_P3M_11",15,"midnightblue"
"20120600_P3M_2",15,"midnightblue"
"20120600_P3M_3",8,"pink"
"20120600_P3M_4",7,"black"
"20120600_P3M_5",8,"pink"
"20120600_P3M_6",7,"black"
"20120600_P3M_9",8,"pink"
"20120600_P3S_2",7,"black"
"20120600_S1D_1",3,"brown"
"20120600_S1D_7",3,"brown"
"20120600_S1S_4",9,"magenta"
"20120600_S2D_17",3,"brown"
"20120600_S2D_6",10,"purple"
"20120600_S2M_11",4,"yellow"
"20120600_S2M_9",4,"yellow"
"20120600_S3D_1",6,"red"
"20120600_S3D_7",4,"yellow"
"20120600_S3M_3",4,"yellow"
"20120700_E1D_7",1,"turquoise"
"20120700_E1X_4",2,"blue"
"20120700_E2D_6",17,"grey60"
"20120700_E3M_5",19,"lightyellow"
"20120700_E3X_7",2,"blue"
"20120700_P1D_3",21,"darkred"
"20120700_P1D_9",13,"salmon"
"20120700_P1M_1",15,"midnightblue"
"20120700_P1M_6",11,"greenyellow"
"20120700_P2D_1",13,"salmon"
"20120700_P2D_10",13,"salmon"
"20120700_P2D_11",13,"salmon"
"20120700_P2D_5",13,"salmon"
"20120700_P2D_8",13,"salmon"
"20120700_P2M_1",11,"greenyellow"
"20120700_P2M_5",15,"midnightblue"
"20120700_P3D_1",16,"lightcyan"
"20120700_P3D_10",20,"royalblue"
"20120700_P3D_100",2,"blue"
"20120700_P3D_101",20,"royalblue"
"20120700_P3D_102",2,"blue"
"20120700_P3D_105",2,"blue"
"20120700_P3D_108",2,"blue"
"20120700_P3D_11",21,"darkred"
"20120700_P3D_117",1,"turquoise"
"20120700_P3D_119",21,"darkred"
"20120700_P3D_12",2,"blue"
"20120700_P3D_128",16,"lightcyan"
"20120700_P3D_130",16,"lightcyan"
"20120700_P3D_136",21,"darkred"
"20120700_P3D_139",20,"royalblue"
"20120700_P3D_140",20,"royalblue"
"20120700_P3D_141",20,"royalblue"
"20120700_P3D_142",16,"lightcyan"
"20120700_P3D_143",21,"darkred"
"20120700_P3D_148",10,"purple"
"20120700_P3D_2",2,"blue"
"20120700_P3D_20",5,"green"
"20120700_P3D_23",16,"lightcyan"
"20120700_P3D_24",20,"royalblue"
"20120700_P3D_25",16,"lightcyan"
"20120700_P3D_27",20,"royalblue"
"20120700_P3D_3",16,"lightcyan"
"20120700_P3D_32",16,"lightcyan"
"20120700_P3D_33",21,"darkred"
"20120700_P3D_35",1,"turquoise"
"20120700_P3D_38",21,"darkred"
"20120700_P3D_39",20,"royalblue"
"20120700_P3D_40",15,"midnightblue"
"20120700_P3D_44",5,"green"
"20120700_P3D_46",21,"darkred"
"20120700_P3D_5",16,"lightcyan"
"20120700_P3D_55",2,"blue"
"20120700_P3D_58",13,"salmon"
"20120700_P3D_61",20,"royalblue"
"20120700_P3D_67",16,"lightcyan"
"20120700_P3D_7",2,"blue"
"20120700_P3D_71",16,"lightcyan"
"20120700_P3D_73",16,"lightcyan"
"20120700_P3D_74",13,"salmon"
"20120700_P3D_75",21,"darkred"
"20120700_P3D_81",20,"royalblue"
"20120700_P3D_83",21,"darkred"
"20120700_P3D_84",21,"darkred"
"20120700_P3D_87",13,"salmon"
"20120700_P3D_88",20,"royalblue"
"20120700_P3D_89",16,"lightcyan"
"20120700_P3D_9",20,"royalblue"
"20120700_P3D_90",20,"royalblue"
"20120700_P3D_93",20,"royalblue"
"20120700_P3D_97",21,"darkred"
"20120700_P3D_99",2,"blue"
"20120700_P3S_1",8,"pink"
"20120700_P3S_2",8,"pink"
"20120700_S1D_102",6,"red"
"20120700_S1D_103",10,"purple"
"20120700_S1D_104",6,"red"
"20120700_S1D_106",10,"purple"
"20120700_S1D_107",3,"brown"
"20120700_S1D_108",4,"yellow"
"20120700_S1D_113",6,"red"
"20120700_S1D_114",6,"red"
"20120700_S1D_115",3,"brown"
"20120700_S1D_12",1,"turquoise"
"20120700_S1D_13",10,"purple"
"20120700_S1D_19",6,"red"
"20120700_S1D_20",4,"yellow"
"20120700_S1D_21",6,"red"
"20120700_S1D_24",3,"brown"
"20120700_S1D_25",3,"brown"
"20120700_S1D_27",6,"red"
"20120700_S1D_28",6,"red"
"20120700_S1D_29",4,"yellow"
"20120700_S1D_30",3,"brown"
"20120700_S1D_31",6,"red"
"20120700_S1D_33",3,"brown"
"20120700_S1D_35",14,"cyan"
"20120700_S1D_39",6,"red"
"20120700_S1D_41",10,"purple"
"20120700_S1D_43",6,"red"
"20120700_S1D_45",4,"yellow"
"20120700_S1D_46",6,"red"
"20120700_S1D_48",6,"red"
"20120700_S1D_49",6,"red"
"20120700_S1D_5",4,"yellow"
"20120700_S1D_51",6,"red"
"20120700_S1D_52",3,"brown"
"20120700_S1D_55",6,"red"
"20120700_S1D_57",6,"red"
"20120700_S1D_59",10,"purple"
"20120700_S1D_6",6,"red"
"20120700_S1D_60",3,"brown"
"20120700_S1D_61",10,"purple"
"20120700_S1D_63",6,"red"
"20120700_S1D_64",4,"yellow"
"20120700_S1D_66",6,"red"
"20120700_S1D_67",10,"purple"
"20120700_S1D_69",4,"yellow"
"20120700_S1D_70",3,"brown"
"20120700_S1D_73",3,"brown"
"20120700_S1D_76",6,"red"
"20120700_S1D_77",10,"purple"
"20120700_S1D_79",4,"yellow"
"20120700_S1D_84",4,"yellow"
"20120700_S1D_85",10,"purple"
"20120700_S1D_86",10,"purple"
"20120700_S1D_87",4,"yellow"
"20120700_S1D_89",10,"purple"
"20120700_S1D_9",6,"red"
"20120700_S1D_90",3,"brown"
"20120700_S1D_95",4,"yellow"
"20120700_S1D_96",9,"magenta"
"20120700_S1D_97",10,"purple"
"20120700_S1D_98",6,"red"
"20120700_S1S_1",14,"cyan"
"20120700_S1S_11",14,"cyan"
"20120700_S1S_3",14,"cyan"
"20120700_S1X_12",18,"lightgreen"
"20120700_S1X_15",1,"turquoise"
"20120700_S1X_2",18,"lightgreen"
"20120700_S2X_13",18,"lightgreen"
"20120700_S3D_8",10,"purple"
"20120700_S3X_18",10,"purple"
"20120700_S3X_22",3,"brown"
"20120700_S3X_7",6,"red"
"20120800_E1D_12",1,"turquoise"
"20120800_E1D_14",3,"brown"
"20120800_E1D_15",1,"turquoise"
"20120800_E1D_18",3,"brown"
"20120800_E1D_19",1,"turquoise"
"20120800_E1D_21",10,"purple"
"20120800_E1D_7",18,"lightgreen"
"20120800_E1D_8",1,"turquoise"
"20120800_E1X_12",2,"blue"
"20120800_E1X_14",5,"green"
"20120800_E1X_21",2,"blue"
"20120800_E1X_6",2,"blue"
"20120800_E1X_7",2,"blue"
"20120800_E2D_10",2,"blue"
"20120800_E2D_13",17,"grey60"
"20120800_E2D_18",1,"turquoise"
"20120800_E2X_13",2,"blue"
"20120800_E2X_14",2,"blue"
"20120800_E2X_16",2,"blue"
"20120800_E2X_21",2,"blue"
"20120800_E2X_5",2,"blue"
"20120800_E2X_6",1,"turquoise"
"20120800_E3D_2",2,"blue"
"20120800_E3D_4",2,"blue"
"20120800_E3D_5",2,"blue"
"20120800_E3D_7",2,"blue"
"20120800_E3S_10",2,"blue"
"20120800_E3S_15",5,"green"
"20120800_E3S_17",2,"blue"
"20120800_E3S_18",2,"blue"
"20120800_E3S_6",2,"blue"
"20120800_E3X_14",2,"blue"
"20120800_E3X_22",2,"blue"
"20120800_E3X_23",2,"blue"
"20120800_E3X_26",2,"blue"
"20120800_E3X_27",18,"lightgreen"
"20120800_E3X_28",2,"blue"
"20120800_E3X_29",2,"blue"
"20120800_E3X_3",2,"blue"
"20120800_E3X_6",2,"blue"
"20120800_P1D_1",13,"salmon"
"20120800_P1D_2",13,"salmon"
"20120800_P2D_2",13,"salmon"
"20120800_P2D_5",13,"salmon"
"20120800_P2M_7",15,"midnightblue"
"20120800_S3X_7",3,"brown"
"20130700_C1D_10",5,"green"
"20130700_C1D_14",5,"green"
"20130700_C1D_16",1,"turquoise"
"20130700_C1D_18",1,"turquoise"
"20130700_C1D_19",1,"turquoise"
"20130700_C1D_3",1,"turquoise"
"20130700_C1D_5",1,"turquoise"
"20130700_C1D_6",17,"grey60"
"20130700_C1D_8",1,"turquoise"
"20130700_C1D_9",1,"turquoise"
"20130700_C1M_6",5,"green"
"20130700_C1X_17",1,"turquoise"
"20130700_C1X_6",2,"blue"
"20130700_C1X_8",0,"grey"
"20130700_C1Y_13",10,"purple"
"20130700_C1Y_5",1,"turquoise"
"20130700_C2D_3",1,"turquoise"
"20130700_C2M_17",1,"turquoise"
"20130700_C2M_2",12,"tan"
"20130700_C2M_3",1,"turquoise"
"20130700_C2M_5",1,"turquoise"
"20130700_C2M_9",1,"turquoise"
"20130700_C2X_11",1,"turquoise"
"20130700_C2X_12",2,"blue"
"20130700_C2X_13",3,"brown"
"20130700_C2X_3",2,"blue"
"20130700_C2X_5",1,"turquoise"
"20130700_C2X_6",17,"grey60"
"20130700_C2Y_2",20,"royalblue"
"20130700_C2Y_6",16,"lightcyan"
"20130700_E1M_4",1,"turquoise"
"20130700_E1X_5",2,"blue"
"20130700_E1Y_1",2,"blue"
"20130700_E1Y_16",2,"blue"
"20130700_E1Y_3",2,"blue"
"20130700_E1Z_4",2,"blue"
"20130700_E2D_3",17,"grey60"
"20130700_E2M_2",17,"grey60"
"20130700_E2M_4",17,"grey60"
"20130700_E2X_2",2,"blue"
"20130700_E2Y_10",2,"blue"
"20130700_E2Y_17",2,"blue"
"20130700_E2Y_3",2,"blue"
"20130700_E2Y_4",2,"blue"
"20130700_E3M_6",17,"grey60"
"20130700_E3X_9",2,"blue"
"20130700_E3Z_1",2,"blue"
"20130700_E3Z_5",2,"blue"
"20130700_E3Z_8",2,"blue"
"20130700_P1Y_10",13,"salmon"
"20130700_P1Y_11",13,"salmon"
"20130700_P1Y_12",13,"salmon"
"20130700_P1Y_3",13,"salmon"
"20130700_P1Y_5",13,"salmon"
"20130700_P1Y_8",13,"salmon"
"20130700_S1X_7",12,"tan"
"20130700_S1Z_14",18,"lightgreen"
"20130700_S1Z_5",3,"brown"
"20130700_S2D_2",10,"purple"
"20130700_S2M_1",6,"red"
"20130700_S2S_12",14,"cyan"
"20130700_S2S_8",14,"cyan"
"20130700_S2Y_8",1,"turquoise"
"20130700_S3M_11",12,"tan"
"20130700_S3M_3",4,"yellow"
"20130700_S3M_8",6,"red"
"20130700_S3Z_1",10,"purple"
"20130700_S3Z_17",3,"brown"
"20140700_E14_1",1,"turquoise"
"20140700_E14_11",3,"brown"
"20140700_E14_2",1,"turquoise"
"20140700_E15_11",1,"turquoise"
"20140700_E15_14",2,"blue"
"20140700_E15_15",1,"turquoise"
"20140700_E15_18",1,"turquoise"
"20140700_E15_7",1,"turquoise"
"20140700_E22_1",1,"turquoise"
"20140700_E22_12",10,"purple"
"20140700_S11_11",4,"yellow"
"20140700_S11_15",4,"yellow"
"20140700_S11_5",4,"yellow"
"20140700_S11_6",4,"yellow"
"20140700_S11_7",4,"yellow"
"20140700_S12_11",6,"red"
"20140700_S12_15",4,"yellow"
"20140700_S15_2",10,"purple"
"20140700_S16_1",18,"lightgreen"
"20140700_S16_20",1,"turquoise"
"20140700_S21_12",12,"tan"
"20140700_S21_13",9,"magenta"
"20140700_S21_14",12,"tan"
"20140700_S21_17",4,"yellow"
"20140700_S21_18",12,"tan"
"20140700_S21_3",12,"tan"
"20140700_S21_6",12,"tan"
"20140700_S22_6",6,"red"
"20140700_S22_7",9,"magenta"
"20140700_S31_11",12,"tan"
"20140700_S31_3",12,"tan"
"20140700_S31_6",12,"tan"
"20140700_S31_9",12,"tan"
"20140700_S32_12",3,"brown"
"20140700_S33_15",4,"yellow"
"20140700_S33_2",6,"red"
"20140700_S36_11",10,"purple"
"20150700_E14_10",3,"brown"
"20150700_E14_13",1,"turquoise"
"20150700_E14_2",6,"red"
"20150700_E14_4",3,"brown"
"20150700_E14_5",10,"purple"
"20150700_E15_18",2,"blue"
"20150700_E15_20",3,"brown"
"20150700_E15_22",6,"red"
"20150700_E15_4",6,"red"
"20150700_E15_6",1,"turquoise"
"20150700_E23_6",6,"red"
"20150700_E25_9",1,"turquoise"
"20150700_E34_11",1,"turquoise"
"20150700_E34_4",1,"turquoise"
"20150700_E35_2",1,"turquoise"
"20150700_P11_4",8,"pink"
"20150700_P11_6",7,"black"
"20150700_P13_2",8,"pink"
"20150700_P13_7",8,"pink"
"20150700_P13_8",8,"pink"
"20150700_P14_12",15,"midnightblue"
"20150700_P14_6",15,"midnightblue"
"20150700_P14_7",15,"midnightblue"
"20150700_P15_1",15,"midnightblue"
"20150700_P15_11",15,"midnightblue"
"20150700_P15_12",11,"greenyellow"
"20150700_P15_13",15,"midnightblue"
"20150700_P15_16",15,"midnightblue"
"20150700_P15_3",8,"pink"
"20150700_P15_4",15,"midnightblue"
"20150700_P15_5",15,"midnightblue"
"20150700_P15_9",15,"midnightblue"
"20150700_P21_1",15,"midnightblue"
"20150700_P21_10",8,"pink"
"20150700_P21_2",8,"pink"
"20150700_P21_5",8,"pink"
"20150700_P21_8",8,"pink"
"20150700_P23_11",15,"midnightblue"
"20150700_P23_12",15,"midnightblue"
"20150700_P23_7",11,"greenyellow"
"20150700_P24_12",11,"greenyellow"
"20150700_P24_5",11,"greenyellow"
"20150700_P24_7",13,"salmon"
"20150700_P24_8",13,"salmon"
"20150700_P31_13",8,"pink"
"20150700_P31_3",8,"pink"
"20150700_P31_7",12,"tan"
"20150700_S15_1",0,"grey"
"20150700_S15_12",10,"purple"
"20150700_S15_15",18,"lightgreen"
"20150700_S21_10",14,"cyan"
"20150700_S21_2",12,"tan"
"20150700_S21_6",12,"tan"
"20150700_S23_11",9,"magenta"
"20150700_S23_2",12,"tan"
"20150700_S23_3",6,"red"
"20150700_S25_3",18,"lightgreen"
"20160700_E13_6",5,"green"
"20160700_E21_11",14,"cyan"
"20160700_E21_3",14,"cyan"
"20160700_E23_20",6,"red"
"20160700_E23_21",6,"red"
"20160700_E23_26",10,"purple"
"20160700_E25_13",1,"turquoise"
"20160700_E25_15",3,"brown"
"20160700_E25_27",1,"turquoise"
"20160700_E25_5",2,"blue"
"20160700_E25_7",1,"turquoise"
"20160700_E33_2",1,"turquoise"
"20160700_P15_10",11,"greenyellow"
"20160700_P15_13",11,"greenyellow"
"20160700_P15_15",11,"greenyellow"
"20160700_P15_16",13,"salmon"
"20160700_P15_17",11,"greenyellow"
"20160700_P15_18",11,"greenyellow"
"20160700_P15_19",11,"greenyellow"
"20160700_P15_2",11,"greenyellow"
"20160700_P15_24",11,"greenyellow"
"20160700_P15_25",13,"salmon"
"20160700_P15_3",11,"greenyellow"
"20160700_P15_5",13,"salmon"
"20160700_P15_8",11,"greenyellow"
"20160700_P15_9",13,"salmon"
"20160700_S11_1",12,"tan"
"20160700_S11_6",12,"tan"
"20160700_S13_16",6,"red"
"20160700_S13_19",3,"brown"
"20160700_S14_9",10,"purple"
"20160700_S15_2",10,"purple"
"20160700_S23_13",12,"tan"
"20160700_S23_14",13,"salmon"
"20160700_S23_17",4,"yellow"
"20160700_S23_5",8,"pink"
"20160700_S23_8",12,"tan"
"20160700_S33_6",12,"tan"
"20160700_S34_5",6,"red"
"20170700_E11_1",4,"yellow"
"20170700_E11_3",4,"yellow"
"20170700_E14_6",18,"lightgreen"
"20170700_E15_6",3,"brown"
"20170700_E15_8",1,"turquoise"
"20170700_P14_3",11,"greenyellow"
"20170700_P31_1",8,"pink"
"20170700_P33_1",15,"midnightblue"
"20170700_P34_4",11,"greenyellow"
"20170700_S24_10",3,"brown"
"20170700_S24_14",6,"red"
"20170700_S24_16",3,"brown"
"20170700_S24_4",3,"brown"
"20170700_S24_5",3,"brown"
"20170700_S24_8",3,"brown"
"20170700_S24_9",3,"brown"
"20170700_S25_1",18,"lightgreen"
"20170700_S25_13",3,"brown"
"20170700_S25_14",18,"lightgreen"
"20170700_S25_23",3,"brown"
"20170700_S25_25",10,"purple"
"20170700_S25_26",18,"lightgreen"
"20170700_S25_3",13,"salmon"
"20170700_S25_32",3,"brown"
"20170700_S25_36",10,"purple"
"20170700_S25_38",18,"lightgreen"
"20170700_S25_7",3,"brown"
"20170700_S25_8",10,"purple"
"20170700_S25_9",18,"lightgreen"
"20170700_S31_11",12,"tan"
"20170700_S31_5",12,"tan"
"20170700_S33_13",6,"red"
"20170700_S33_22",4,"yellow"
"20170700_S33_23",6,"red"
"20170700_S33_24",6,"red"
"20170700_S33_29",10,"purple"
"20170700_S33_33",10,"purple"
"20170700_S33_37",6,"red"
"20170700_S33_5",13,"salmon"
"20170700_S34_10",0,"grey"
"20170700_S34_13",1,"turquoise"
"20170700_S34_2",18,"lightgreen"
"20170700_S34_23",18,"lightgreen"
"20170700_S34_24",10,"purple"
"20170700_S34_25",18,"lightgreen"
"20170700_S34_26",18,"lightgreen"
"20170700_S34_29",10,"purple"
"20170700_S34_32",8,"pink"
"20170700_S34_36",1,"turquoise"
"20170700_S34_41",0,"grey"
"20170700_S35_18",1,"turquoise"
"20170700_S35_19",1,"turquoise"
"20170700_S35_2",18,"lightgreen"
"20170700_S35_4",1,"turquoise"
"20170700_S35_8",5,"green"
"3300022861_2",6,"red"
"3300023248_5",1,"turquoise"
"3300023254_4",1,"turquoise"
"3300024238_3",17,"grey60"
"3300029985_7",4,"yellow"
"3300031524_30",3,"brown"
"3300031525_28",8,"pink"
"3300036876_12",6,"red"
"3300036876_9",6,"red"
"3300036884_16",2,"blue"
"3300036884_7",2,"blue"
"3300036888_6",10,"purple"
"3300036901_8",15,"midnightblue"
"3300036913_19",1,"turquoise"
"3300036929_5",1,"turquoise"
"3300037040_8",3,"brown"
"3300037049_8",1,"turquoise"
"3300037062_11",17,"grey60"
"3300037076_10",2,"blue"
"3300037076_20",16,"lightcyan"
"3300037076_8",16,"lightcyan"
"3300037085_4",1,"turquoise"
"3300037089_15",2,"blue"
"3300037090_15",2,"blue"
"3300037091_10",2,"blue"
"3300037104_11",2,"blue"
"3300037104_19",5,"green"
"3300037104_22",2,"blue"
"3300037105_13",1,"turquoise"
"3300037109_9",1,"turquoise"
"3300037110_7",12,"tan"
"3300037132_13",2,"blue"
"3300037132_9",2,"blue"
"3300037134_11",4,"yellow"
"3300037138_9",11,"greenyellow"
"3300037139_5",13,"salmon"
"3300037147_7",11,"greenyellow"
"3300037155_10",16,"lightcyan"
"3300037155_12",16,"lightcyan"
"3300037155_22",16,"lightcyan"
"3300037159_6",11,"greenyellow"
"3300037159_8",11,"greenyellow"
"3300037175_6",18,"lightgreen"
"3300037180_6",11,"greenyellow"
"3300037185_7",0,"grey"
"3300037196_14",3,"brown"
"3300037198_12",1,"turquoise"
"3300037207_8",10,"purple"
"3300037224_12",1,"turquoise"
"3300037225_15",2,"blue"
"3300037225_16",17,"grey60"
"3300037225_17",2,"blue"
"3300037226_12",1,"turquoise"
"3300037228_7",15,"midnightblue"
"3300037231_11",0,"grey"
"3300037241_7",11,"greenyellow"
"3300037342_8",9,"magenta"
"3300037349_11",12,"tan"
"3300037349_9",9,"magenta"
"3300037353_11",11,"greenyellow"
"3300037355_2",5,"green"
"3300037359_10",3,"brown"
"3300037360_7",1,"turquoise"
"3300037361_7",5,"green"
"3300037365_14",17,"grey60"
"3300037394_5",11,"greenyellow"
"3300037549_16",14,"cyan"
"3300038457_7",4,"yellow"
"3300038458_11",1,"turquoise"
"3300038461_13",2,"blue"
"3300038461_4",2,"blue"
"3300038461_5",2,"blue"
"3300038473_8",17,"grey60"
"3300038475_6",1,"turquoise"
"3300038476_2",0,"grey"
"3300038478_6",8,"pink"
"3300038519_6",5,"green"
"Bog.Labelled.R1.T1.F1.JGI.BFC.metaspades_bin.116_96.93_0.86",12,"tan"
"Bog.Labelled.R1.T1.F1.JGI.BFC.metaspades_bin.128_96.67_1.72",4,"yellow"
"Bog.Labelled.R1.T1.F1.JGI.BFC.metaspades_bin.151_96.12_0.92",0,"grey"
"Bog.Labelled.R1.T2.F2.JGI.BFC.metaspades_bin.66_77.13_3.14",12,"tan"
"Bog.Labelled.R1.T2.F2.trimmomatic.metaspades_bin.54_94.58_0.00",9,"magenta"
"Bog.Labelled.R1.T2.F2.trimmomatic.metaspades_bin.70_92.60_2.94",9,"magenta"
"Bog.Labelled.R1.T2.F2.trimmomatic.metaspades_bin.89_90.44_1.43",9,"magenta"
"Bog.Labelled.R1.T2.F2.trimmomatic.metaspades_bin.96_95.35_0.00",9,"magenta"
"Bog.Labelled.R1.T3.F1.JGI.BFC.metaspades_bin.33_96.24_0.54",1,"turquoise"
"Bog.Labelled.R1.T3.F3.JGI.BFC.metaspades_bin.108_95.64_2.59",4,"yellow"
"Bog.Labelled.R1.T3.F3.trimmomatic.metaspades_bin.35_75.21_2.71",9,"magenta"
"Bog.Labelled.R1.T3.F3.trimmomatic.metaspades_bin.42_92.00_1.72",3,"brown"
"Bog.Labelled.R1.T3.F3.trimmomatic.metaspades_bin.43_92.84_1.75",3,"brown"
"Bog.Labelled.R1.T3.F3.trimmomatic.metaspades_bin.91_72.76_1.72",4,"yellow"
"Bog.Labelled.R2.T2.F2.JGI.BFC.metaspades_bin.30_90.30_1.69",12,"tan"
"Bog.Labelled.R2.T3.F3.trimmomatic.megahit_bin.126_96.49_2.19",6,"red"
"Bog.None.R1.T0.trimmomatic.megahit_bin.118_76.60_1.35",9,"magenta"
"Bog.None.R1.T0.trimmomatic.megahit_bin.120_96.00_3.87",4,"yellow"
"Bog.None.R1.T0.trimmomatic.megahit_bin.149_91.22_4.05",9,"magenta"
"Bog.None.R1.T0.trimmomatic.megahit_bin.18_85.86_3.07",9,"magenta"
"Bog.None.R1.T0.trimmomatic.megahit_bin.192_94.47_2.50",14,"cyan"
"Bog.None.R1.T0.trimmomatic.megahit_bin.240_81.43_2.70",9,"magenta"
"Bog.None.R1.T0.trimmomatic.megahit_bin.264_75.64_3.36",4,"yellow"
"Bog.None.R1.T0.trimmomatic.megahit_bin.27_76.49_0.00",4,"yellow"
"Bog.None.R1.T0.trimmomatic.megahit_bin.289_96.76_2.78",9,"magenta"
"Bog.None.R1.T0.trimmomatic.megahit_bin.299_95.52_4.31",3,"brown"
"Bog.None.R1.T0.trimmomatic.megahit_bin.358_74.42_8.60",9,"magenta"
"Bog.None.R1.T0.trimmomatic.megahit_bin.369_97.17_1.75",12,"tan"
"Bog.None.R1.T0.trimmomatic.megahit_bin.390_88.96_3.68",14,"cyan"
"Bog.None.R1.T0.trimmomatic.megahit_bin.85_97.01_0.10",9,"magenta"
"Bog.None.R2.T0.JGI.BFC.metaspades_bin.201_94.78_1.81",14,"cyan"
"Bog.None.R2.T0.JGI.BFC.metaspades_bin.302_84.77_4.31",12,"tan"
"Bog.None.R2.T0.JGI.BFC.metaspades_bin.304_97.97_7.51",9,"magenta"
"Bog.None.R2.T0.JGI.BFC.metaspades_bin.319_70.64_9.53",4,"yellow"
"Bog.None.R2.T0.JGI.BFC.metaspades_bin.32_77.74_4.21",4,"yellow"
"Bog.None.R2.T0.JGI.BFC.metaspades_bin.335_92.02_1.58",12,"tan"
"Bog.None.R2.T0.JGI.BFC.metaspades_bin.347_81.27_8.23",14,"cyan"
"Bog.None.R2.T0.JGI.BFC.metaspades_bin.50_93.75_3.45",4,"yellow"
"Bog.None.R2.T0.JGI.BFC.metaspades_bin.58_85.62_4.48",12,"tan"
"Bog.None.R2.T0.JGI.BFC.metaspades_bin.84_100.00_0.00",3,"brown"
"Bog.None.R2.T0.JGI.BFC.metaspades_bin.94_71.04_6.96",12,"tan"
"Bog.None.R2.T0.trimmomatic.megahit_bin.247_70.69_0.00",14,"cyan"
"Bog.None.R2.T0.trimmomatic.megahit_bin.319_70.21_1.04",14,"cyan"
"Bog.None.R2.T0.trimmomatic.megahit_bin.344_99.28_6.76",9,"magenta"
"Bog.None.R2.T0.trimmomatic.megahit_bin.355_93.52_0.93",9,"magenta"
"Bog.None.R2.T0.trimmomatic.megahit_bin.356_99.38_2.70",14,"cyan"
"Bog.None.R2.T0.trimmomatic.megahit_bin.358_96.68_6.10",4,"yellow"
"Bog.None.R3.T0.JGI.BFC.metaspades_bin.122_92.03_1.72",9,"magenta"
"Bog.None.R3.T0.JGI.BFC.metaspades_bin.123_97.95_1.37",4,"yellow"
"Bog.None.R3.T0.JGI.BFC.metaspades_bin.148_73.61_7.22",3,"brown"
"Bog.None.R3.T0.JGI.BFC.metaspades_bin.157_96.49_2.63",9,"magenta"
"Bog.None.R3.T0.JGI.BFC.metaspades_bin.162_97.41_2.35",12,"tan"
"Bog.None.R3.T0.JGI.BFC.metaspades_bin.163_88.86_2.16",6,"red"
"Bog.None.R3.T0.JGI.BFC.metaspades_bin.166_92.84_2.72",4,"yellow"
"Bog.None.R3.T0.JGI.BFC.metaspades_bin.267_72.59_8.57",9,"magenta"
"Bog.None.R3.T0.JGI.BFC.metaspades_bin.275_96.71_5.17",14,"cyan"
"Bog.None.R3.T0.JGI.BFC.metaspades_bin.277_97.34_4.31",3,"brown"
"Bog.None.R3.T0.JGI.BFC.metaspades_bin.339_96.94_3.52",9,"magenta"
"Bog.None.R3.T0.JGI.BFC.metaspades_bin.34_94.27_1.08",9,"magenta"
"Bog.None.R3.T0.JGI.BFC.metaspades_bin.340_100.00_1.76",4,"yellow"
"Bog.None.R3.T0.JGI.BFC.metaspades_bin.344_98.63_5.75",12,"tan"
"Bog.None.R3.T0.JGI.BFC.metaspades_bin.37_91.86_1.77",6,"red"
"Bog.None.R3.T0.trimmomatic.megahit_bin.32_99.32_2.03",10,"purple"
"Bog.None.R3.T0.trimmomatic.megahit_bin.342_91.38_4.21",3,"brown"
"Bog.None.R3.T0.trimmomatic.megahit_bin.383_96.18_3.47",9,"magenta"
"Bog.None.R3.T0.trimmomatic.megahit_bin.399_80.28_6.52",4,"yellow"
"Bog.None.R3.T0.trimmomatic.megahit_bin.55_94.74_3.88",6,"red"
"Bog.None.R3.T0.trimmomatic.megahit_bin.67_73.32_6.98",14,"cyan"
"Bog.Unlabelled.R1.T1.F2.JGI.BFC.metaspades_bin.35_96.02_1.29",4,"yellow"
"Bog.Unlabelled.R1.T2.F1.trimmomatic.megahit_bin.58_99.83_0.95",0,"grey"
"Bog.Unlabelled.R1.T2.F2.JGI.BFC.metaspades_bin.36_70.45_7.93",4,"yellow"
"Bog.Unlabelled.R1.T2.F3.JGI.BFC.metaspades_bin.31_85.09_2.29",4,"yellow"
"Bog.Unlabelled.R1.T2.F3.trimmomatic.metaspades_bin.68_86.32_3.16",9,"magenta"
"Bog.Unlabelled.R2.T1.F3.JGI.BFC.metaspades_bin.31_72.82_1.94",14,"cyan"
"Bog.Unlabelled.R2.T2.F1.JGI.BFC.metaspades_bin.57_88.81_1.01",14,"cyan"
"Bog.Unlabelled.R2.T2.F1.JGI.BFC.metaspades_bin.60_95.04_1.94",4,"yellow"
"Bog.Unlabelled.R2.T2.F2.JGI.BFC.metaspades_bin.16_87.66_1.12",3,"brown"
"Bog.Unlabelled.R2.T2.F2.trimmomatic.metaspades_bin.86_71.87_2.22",9,"magenta"
"Bog.Unlabelled.R2.T3.F1.JGI.BFC.metaspades_bin.100_87.84_4.05",4,"yellow"
"Bog.Unlabelled.R2.T3.F1.JGI.BFC.metaspades_bin.8_92.23_3.04",14,"cyan"
"Bog.Unlabelled.R2.T3.F2.JGI.BFC.metaspades_bin.21_87.09_0.86",4,"yellow"
"Bog.Unlabelled.R2.T3.F2.JGI.BFC.metaspades_bin.40_72.49_7.33",4,"yellow"
"Bog.Unlabelled.R2.T3.F2.JGI.BFC.metaspades_bin.55_93.55_2.59",6,"red"
"Bog.Unlabelled.R2.T3.F2.JGI.BFC.metaspades_bin.69_94.23_0.86",6,"red"
"Bog.Unlabelled.R2.T3.F2.trimmomatic.megahit_bin.2_98.85_1.71",12,"tan"
"Bog.Unlabelled.R2.T3.F2.trimmomatic.metaspades_bin.129_89.36_9.06",9,"magenta"
"Bog.Unlabelled.R2.T3.F2.trimmomatic.metaspades_bin.46_85.62_3.11",14,"cyan"
"Bog.Unlabelled.R2.T3.F3.trimmomatic.metaspades_bin.116_93.32_2.25",9,"magenta"
"Bog.Unlabelled.R3.T1.F2.trimmomatic.metaspades_bin.145_91.02_1.42",6,"red"
"Bog.Unlabelled.R3.T1.F3.JGI.BFC.metaspades_bin.11_87.40_5.27",14,"cyan"
"Bog.Unlabelled.R3.T1.F3.JGI.BFC.metaspades_bin.133_95.29_6.77",9,"magenta"
"Bog.Unlabelled.R3.T1.F3.JGI.BFC.metaspades_bin.45_94.77_0.93",9,"magenta"
"Bog.Unlabelled.R3.T1.F3.JGI.BFC.metaspades_bin.53_92.50_2.78",9,"magenta"
"Bog.Unlabelled.R3.T1.F3.JGI.BFC.metaspades_bin.74_92.32_2.91",9,"magenta"
"Bog.Unlabelled.R3.T1.F3.JGI.BFC.metaspades_bin.75_99.00_0.81",6,"red"
"Bog.Unlabelled.R3.T1.F3.trimmomatic.metaspades_bin.122_84.22_0.85",14,"cyan"
"Bog.Unlabelled.R3.T1.F3.trimmomatic.metaspades_bin.4_95.88_2.80",9,"magenta"
"Bog.Unlabelled.R3.T2.F3.JGI.BFC.metaspades_bin.11_93.17_1.72",4,"yellow"
"Bog.Unlabelled.R3.T2.F3.JGI.BFC.metaspades_bin.122_96.77_0.86",4,"yellow"
"Bog.Unlabelled.R3.T2.F3.trimmomatic.metaspades_bin.142_89.72_0.85",4,"yellow"
"Bog.Unlabelled.R3.T2.F3.trimmomatic.metaspades_bin.165_74.19_4.27",14,"cyan"
"Bog.Unlabelled.R3.T2.F3.trimmomatic.metaspades_bin.5_81.58_0.43",9,"magenta"
"Bog.Unlabelled.R3.T3.F2.trimmomatic.metaspades_bin.104_97.47_4.73",9,"magenta"
"Bog.Unlabelled.R3.T3.F2.trimmomatic.metaspades_bin.148_70.25_9.70",12,"tan"
"Bog.Unlabelled.R3.T3.F2.trimmomatic.metaspades_bin.33_99.27_3.62",9,"magenta"
"Bog.Unlabelled.R3.T3.F3.JGI.BFC.metaspades_bin.11_92.47_4.06",9,"magenta"
"Bog.Unlabelled.R3.T3.F3.JGI.BFC.metaspades_bin.114_88.45_5.80",9,"magenta"
"Bog.Unlabelled.R3.T3.F3.JGI.BFC.metaspades_bin.142_81.20_4.70",4,"yellow"
"Bog.Unlabelled.R3.T3.F3.JGI.BFC.metaspades_bin.143_96.29_0.88",3,"brown"
"Bog.Unlabelled.R3.T3.F3.JGI.BFC.metaspades_bin.2_81.64_4.58",4,"yellow"
"Bog.Unlabelled.R3.T3.F3.JGI.BFC.metaspades_bin.22_74.64_1.66",9,"magenta"
"Bog.Unlabelled.R3.T3.F3.JGI.BFC.metaspades_bin.47_85.24_5.81",9,"magenta"
"Bog.Unlabelled.R3.T3.F3.JGI.BFC.metaspades_bin.56_97.76_1.08",4,"yellow"
"Bog.Unlabelled.R3.T3.F3.JGI.BFC.metaspades_bin.63_96.30_0.08",9,"magenta"
"Bog.Unlabelled.R3.T3.F3.trimmomatic.megahit_bin.151_70.18_0.00",9,"magenta"
"Bog.Unlabelled.R3.T3.F3.trimmomatic.metaspades_bin.78_85.95_1.00",6,"red"
"Bog.Unlabelled.R3.T3.F3.trimmomatic.metaspades_bin.83_91.54_6.45",14,"cyan"
"Fen.Labelled.R1.T3.F4.trimmomatic.metaspades_bin.40_93.84_3.50",9,"magenta"
"Fen.Labelled.R2.T3.F3.JGI.BFC.metaspades_bin.38_80.01_9.95",5,"green"
"Fen.Labelled.R3.T1.F1.trimmomatic.metaspades_bin.4_83.17_2.00",5,"green"
"Fen.Labelled.R3.T2.F1.JGI.BFC.metaspades_bin.27_98.45_0.75",5,"green"
"Fen.Labelled.R3.T2.F4.JGI.BFC.metaspades_bin.9_70.09_1.38",19,"lightyellow"
"Fen.Unlabelled.R1.T1.F4.trimmomatic.metaspades_bin.21_75.31_0.26",19,"lightyellow"
"Fen.Unlabelled.R1.T2.F4.trimmomatic.metaspades_bin.48_89.46_5.98",19,"lightyellow"
"Fen.Unlabelled.R1.T3.F1.trimmomatic.metaspades_bin.55_85.86_0.54",5,"green"
"Fen.Unlabelled.R1.T3.F4.trimmomatic.megahit_bin.27_72.03_1.57",19,"lightyellow"
"Fen.Unlabelled.R2.T1.F3.trimmomatic.megahit_bin.38_73.55_6.79",19,"lightyellow"
"Fen.Unlabelled.R2.T3.F1.trimmomatic.metaspades_bin.3_78.82_2.42",1,"turquoise"
"Fen.Unlabelled.R2.T3.F2.trimmomatic.metaspades_bin.22_97.12_0.14",5,"green"
"Fen.Unlabelled.R3.T1.F2.trimmomatic.metaspades_bin.17_87.24_2.27",1,"turquoise"
"Fen.Unlabelled.R3.T3.F4.trimmomatic.metaspades_bin.1_78.97_1.10",19,"lightyellow"
"Fen.Unlabelled.R4.T3.F4.trimmomatic.megahit_bin.1_91.07_1.12",19,"lightyellow"
"Palsa.Labelled.R1.T1.F1.trimmomatic.metaspades_bin.33_89.65_1.71",12,"tan"
"Palsa.Labelled.R1.T1.F2.trimmomatic.megahit_bin.16_70.72_6.45",8,"pink"
"Palsa.Labelled.R1.T1.F2.trimmomatic.metaspades_bin.100_93.16_1.99",7,"black"
"Palsa.Labelled.R1.T1.F2.trimmomatic.metaspades_bin.50_88.06_3.48",7,"black"
"Palsa.Labelled.R1.T1.F3.JGI.BFC.metaspades_bin.27_84.23_6.23",7,"black"
"Palsa.Labelled.R1.T1.F3.trimmomatic.metaspades_bin.56_91.47_0.17",7,"black"
"Palsa.Labelled.R2.T3.F1.trimmomatic.metaspades_bin.31_87.45_2.00",7,"black"
"Palsa.Labelled.R2.T3.F2.trimmomatic.megahit_bin.45_76.68_4.31",7,"black"
"Palsa.Labelled.R3.T1.F1.trimmomatic.metaspades_bin.54_94.98_2.76",7,"black"
"Palsa.Labelled.R3.T1.F2.trimmomatic.megahit_bin.31_72.28_6.84",7,"black"
"Palsa.Labelled.R3.T1.F2.trimmomatic.metaspades_bin.24_90.12_0.10",15,"midnightblue"
"Palsa.Labelled.R3.T1.F2.trimmomatic.metaspades_bin.39_97.73_0.57",8,"pink"
"Palsa.Labelled.R3.T1.F2.trimmomatic.metaspades_bin.5_93.42_1.45",8,"pink"
"Palsa.Labelled.R3.T1.F3.JGI.BFC.metaspades_bin.45_83.28_6.50",15,"midnightblue"
"Palsa.Labelled.R3.T1.F3.JGI.BFC.metaspades_bin.68_75.40_6.88",8,"pink"
"Palsa.Labelled.R3.T1.F3.JGI.BFC.metaspades_bin.75_85.15_2.19",7,"black"
"Palsa.Labelled.R3.T1.F3.trimmomatic.megahit_bin.10_90.51_2.85",7,"black"
"Palsa.Labelled.R3.T3.F3.trimmomatic.megahit_bin.132_78.35_6.03",7,"black"
"Palsa.None.R2.T0.JGI.BFC.metaspades_bin.128_97.22_0.00",7,"black"
"Palsa.None.R2.T0.JGI.BFC.metaspades_bin.132_71.57_6.17",8,"pink"
"Palsa.None.R2.T0.JGI.BFC.metaspades_bin.137_79.13_4.55",15,"midnightblue"
"Palsa.None.R2.T0.JGI.BFC.metaspades_bin.14_80.71_5.34",7,"black"
"Palsa.None.R2.T0.JGI.BFC.metaspades_bin.140_93.10_9.25",7,"black"
"Palsa.None.R2.T0.JGI.BFC.metaspades_bin.146_89.53_8.55",7,"black"
"Palsa.None.R2.T0.JGI.BFC.metaspades_bin.147_84.14_8.29",8,"pink"
"Palsa.None.R2.T0.JGI.BFC.metaspades_bin.148_86.97_6.42",7,"black"
"Palsa.None.R2.T0.JGI.BFC.metaspades_bin.15_76.90_1.72",12,"tan"
"Palsa.None.R2.T0.JGI.BFC.metaspades_bin.152_78.26_8.29",15,"midnightblue"
"Palsa.None.R2.T0.JGI.BFC.metaspades_bin.157_84.48_2.02",8,"pink"
"Palsa.None.R2.T0.JGI.BFC.metaspades_bin.158_96.58_0.85",8,"pink"
"Palsa.None.R2.T0.JGI.BFC.metaspades_bin.190_90.54_5.98",8,"pink"
"Palsa.None.R2.T0.JGI.BFC.metaspades_bin.21_97.13_1.25",8,"pink"
"Palsa.None.R2.T0.JGI.BFC.metaspades_bin.210_73.18_6.21",7,"black"
"Palsa.None.R2.T0.JGI.BFC.metaspades_bin.218_92.57_6.03",8,"pink"
"Palsa.None.R2.T0.JGI.BFC.metaspades_bin.238_96.77_6.03",7,"black"
"Palsa.None.R2.T0.JGI.BFC.metaspades_bin.239_74.60_5.56",7,"black"
"Palsa.None.R2.T0.JGI.BFC.metaspades_bin.247_71.06_5.63",7,"black"
"Palsa.None.R2.T0.JGI.BFC.metaspades_bin.263_87.12_8.86",8,"pink"
"Palsa.None.R2.T0.JGI.BFC.metaspades_bin.267_77.18_5.22",7,"black"
"Palsa.None.R2.T0.JGI.BFC.metaspades_bin.296_95.83_0.00",8,"pink"
"Palsa.None.R2.T0.JGI.BFC.metaspades_bin.298_98.43_2.66",15,"midnightblue"
"Palsa.None.R2.T0.JGI.BFC.metaspades_bin.300_98.33_0.91",7,"black"
"Palsa.None.R2.T0.JGI.BFC.metaspades_bin.307_94.82_5.10",7,"black"
"Palsa.None.R2.T0.JGI.BFC.metaspades_bin.311_71.88_3.42",12,"tan"
"Palsa.None.R2.T0.JGI.BFC.metaspades_bin.319_82.00_3.81",7,"black"
"Palsa.None.R2.T0.JGI.BFC.metaspades_bin.320_77.36_1.34",8,"pink"
"Palsa.None.R2.T0.JGI.BFC.metaspades_bin.50_91.45_2.99",8,"pink"
"Palsa.None.R2.T0.JGI.BFC.metaspades_bin.60_72.97_9.43",8,"pink"
"Palsa.None.R2.T0.JGI.BFC.metaspades_bin.61_83.67_6.26",12,"tan"
"Palsa.None.R2.T0.JGI.BFC.metaspades_bin.65_88.41_5.13",7,"black"
"Palsa.None.R2.T0.JGI.BFC.metaspades_bin.70_95.73_0.85",8,"pink"
"Palsa.None.R2.T0.JGI.BFC.metaspades_bin.96_88.84_2.56",7,"black"
"Palsa.None.R2.T0.JGI.BFC.metaspades_bin.97_73.23_1.91",12,"tan"
"Palsa.Unlabelled.R1.T1.F1.trimmomatic.megahit_bin.45_71.69_6.46",8,"pink"
"Palsa.Unlabelled.R1.T2.F3.trimmomatic.metaspades_bin.27_81.74_0.87",7,"black"
"Palsa.Unlabelled.R1.T3.F2.trimmomatic.megahit_bin.36_77.59_1.72",7,"black"
"Palsa.Unlabelled.R1.T3.F2.trimmomatic.metaspades_bin.96_80.51_1.15",7,"black"
"Palsa.Unlabelled.R1.T3.F3.trimmomatic.metaspades_bin.126_94.83_0.00",7,"black"
"Palsa.Unlabelled.R1.T3.F3.trimmomatic.metaspades_bin.235_87.61_3.54",14,"cyan"
"Palsa.Unlabelled.R1.T3.F3.trimmomatic.metaspades_bin.82_91.99_3.21",7,"black"
"Palsa.Unlabelled.R1.T3.F3.trimmomatic.metaspades_bin.94_89.19_4.42",7,"black"
"Palsa.Unlabelled.R1.T3.F3.trimmomatic.metaspades_bin.99_87.92_0.00",8,"pink"
"Palsa.Unlabelled.R2.T3.F3.JGI.BFC.metaspades_bin.15_88.82_6.04",7,"black"
"Palsa.Unlabelled.R2.T3.F3.JGI.BFC.metaspades_bin.189_99.25_4.26",7,"black"
"Palsa.Unlabelled.R2.T3.F3.JGI.BFC.metaspades_bin.203_90.06_2.84",8,"pink"
"Palsa.Unlabelled.R2.T3.F3.JGI.BFC.metaspades_bin.264_97.44_0.71",7,"black"
"Palsa.Unlabelled.R2.T3.F3.JGI.BFC.metaspades_bin.5_87.01_6.92",7,"black"
"Palsa.Unlabelled.R2.T3.F3.JGI.BFC.metaspades_bin.84_95.68_9.76",7,"black"
"Palsa.Unlabelled.R2.T3.F3.trimmomatic.megahit_bin.177_70.33_7.55",7,"black"
"Palsa.Unlabelled.R2.T3.F3.trimmomatic.megahit_bin.239_79.17_2.28",8,"pink"
"Palsa.Unlabelled.R2.T3.F3.trimmomatic.megahit_bin.241_91.03_4.38",7,"black"
"Palsa.Unlabelled.R2.T3.F3.trimmomatic.megahit_bin.30_89.06_2.80",12,"tan"
"Palsa.Unlabelled.R3.T1.F2.trimmomatic.metaspades_bin.54_83.78_8.12",8,"pink"
"Palsa.Unlabelled.R3.T2.F3.JGI.BFC.metaspades_bin.23_95.38_0.50",8,"pink"
"Palsa.Unlabelled.R3.T3.F1.trimmomatic.metaspades_bin.230_94.04_2.71",7,"black"
"Palsa.Unlabelled.R3.T3.F2.trimmomatic.metaspades_bin.58_71.79_7.57",8,"pink"
"PKXJ01",20,"royalblue"
"PKYA01",11,"greenyellow"
"PLBY01",16,"lightcyan"
"PLCS01",10,"purple"
"PLGF01",10,"purple"
"PLGY01",18,"lightgreen"
"PLHP01",10,"purple"
"PLLC01",2,"blue"
"PLLE01",1,"turquoise"
"PLLH01",2,"blue"
"PLLM01",2,"blue"
"PLLP01",2,"blue"
"PLMA01",2,"blue"
"PLMN01",1,"turquoise"
"PLMQ01",2,"blue"
"PLND01",2,"blue"
"PLNE01",18,"lightgreen"
"PLNS01",2,"blue"
"PLNT01",2,"blue"
"PLNU01",2,"blue"
"PLNV01",1,"turquoise"
"PLPO01",10,"purple"
"PLRX01",3,"brown"
"PLSJ01",10,"purple"
"PLSL01",6,"red"
"PLSR01",6,"red"
"PLSW01",6,"red"
"PLTJ01",3,"brown"
"PLTK01",6,"red"
"PLTN01",3,"brown"
"PLTT01",3,"brown"
"PLTW01",1,"turquoise"
"PLTZ01",6,"red"
"PLWZ01",13,"salmon"
"PLXO01",21,"darkred"
"PLXS01",18,"lightgreen"
"PLYD01",16,"lightcyan"
"PLYW01",20,"royalblue"
"PLZA01",16,"lightcyan"
"PLZO01",16,"lightcyan"
"PMAZ01",5,"green"
"PMBA01",5,"green"
"PMBB01",5,"green"
"PMBF01",17,"grey60"
"PMBG01",19,"lightyellow"
"PMBI01",17,"grey60"
"PMBM01",5,"green"
"PMBQ01",19,"lightyellow"
"PMBR01",5,"green"
"PMBS01",17,"grey60"
"PMBT01",1,"turquoise"
"PMBU01",19,"lightyellow"
"PMBV01",19,"lightyellow"
"PMBW01",17,"grey60"
"PMBX01",5,"green"
"PMBY01",17,"grey60"
"PMCA01",19,"lightyellow"
"PMCB01",1,"turquoise"
"PMCC01",19,"lightyellow"
"PMCE01",19,"lightyellow"
"PMCF01",19,"lightyellow"
"PMCG01",17,"grey60"
"PMCI01",5,"green"
"PMCJ01",19,"lightyellow"
"PMCM01",5,"green"
"PMCN01",19,"lightyellow"
"PMCP01",19,"lightyellow"
"PMCR01",17,"grey60"
"PMCS01",17,"grey60"
"PMCY01",19,"lightyellow"
"PMDB01",5,"green"
"PMDK01",19,"lightyellow"
"PMDM01",19,"lightyellow"
"PMDS01",5,"green"
"PMDT01",5,"green"
"PMDX01",5,"green"
"PMDY01",5,"green"
"PMDZ01",19,"lightyellow"
"PMEC01",17,"grey60"
"PMEE01",1,"turquoise"
"PMGM01",1,"turquoise"
"PMIU01",17,"grey60"
"PMJF01",19,"lightyellow"
"PMJR01",1,"turquoise"
"PMJT01",5,"green"
"PMKK01",1,"turquoise"
"PMKN01",1,"turquoise"
"PMKW01",5,"green"
"PMLO01",1,"turquoise"
"PMLV01",21,"darkred"
"PMMQ01",5,"green"
"PMMV01",5,"green"
"PMNG01",5,"green"
"PMNP01",5,"green"
"PMOO01",21,"darkred"
"PMOU01",7,"black"
"PMST01",8,"pink"
"PMSV01",8,"pink"
"PMTF01",21,"darkred"
"PMUP01",15,"midnightblue"
"PMWT01",6,"red"
"PMXQ01",2,"blue"
"PMZI01",17,"grey60"
"PMZK01",2,"blue"
"PMZX01",19,"lightyellow"
"PNBO01",5,"green"
